7106,6129274.4;
5200,6129274.4;
903,6755624.0;
3753,8947846.4;
5378,1.8790479466666665E7;
9835,9305760.533333333;
9624,6352970.4;
4488,6129274.4;
7882,9753152.266666668;
237,2.0937962933333334E7;
408,1.0111066933333334E7;
3345,6308231.733333333;
9235,1.1050592533333333E7;
1949,1.03347632E7;
4379,1476393.6;
5843,0.0;
5245,0.0;
6924,0.0;
1858,0.0;
7196,0.0;
8790,0.0;
6167,0.0;
1099,0.0;
6785,0.0;
610,0.0;
214,0.0;
3843,0.0;
4224,0.0;
635,0.0;
8184,0.0;
8113,0.0;
3165,0.0;
5483,0.0;
8037,0.0;
5673,0.0;
9235,0.0;
4239,0.0;
1661,0.0;
155,0.0;
2745,0.0;
7773,0.0;
8472,0.0;
1968,0.0;
5143,0.0;
6476,0.0;
308,0.0;
7790,0.0;
571,0.0;
7544,0.0;
8583,0.0;
5727,0.0;
363,0.0;
5690,0.0;
1894,178956.8;
1983,134217.6;
8809,0.0;
540,0.0;
8574,0.0;
1322,0.0;
3109,0.0;
9868,0.0;
4064,0.0;
1496,0.0;
9079,0.0;
278,0.0;
7366,0.0;
1343,0.0;
6876,0.0;
5999,0.0;
4354,0.0;
3307,0.0;
7772,0.0;
2052,0.0;
8262,0.0;
3769,0.0;
3848,0.0;
174,0.0;
9273,0.0;
8760,268435.2;
7363,89478.4;
4660,0.0;
5807,0.0;
8387,0.0;
5501,0.0;
513,0.0;
9853,0.0;
615,0.0;
9243,0.0;
8170,0.0;
7482,0.0;
3913,0.0;
2153,0.0;
7480,0.0;
3530,0.0;
8729,0.0;
6053,0.0;
8552,0.0;
6381,0.0;
9760,0.0;
5719,0.0;
8664,0.0;
4757,0.0;
4523,0.0;
4048,0.0;
2492,0.0;
3472,0.0;
8899,0.0;
2431,0.0;
7582,0.0;
9217,0.0;
6970,0.0;
8490,0.0;
8214,0.0;
615,0.0;
759,0.0;
4781,0.0;
8591,0.0;
9033,0.0;
5267,0.0;
7578,0.0;
619,0.0;
7926,0.0;
5600,0.0;
4443,0.0;
2470,0.0;
8841,134217.6;
5905,178956.8;
2924,0.0;
1578,0.0;
1662,0.0;
4331,0.0;
429,0.0;
9748,0.0;
5126,0.0;
4330,0.0;
7085,0.0;
8681,0.0;
1226,0.0;
182,0.0;
9244,0.0;
1332,0.0;
3691,0.0;
3879,0.0;
1152,0.0;
8278,0.0;
6444,715827.2;
1207,1342176.0;
6296,223696.0;
8537,0.0;
2647,0.0;
7205,0.0;
7917,0.0;
1124,0.0;
8745,0.0;
5051,0.0;
310,0.0;
7053,0.0;
811,0.0;
7865,0.0;
8607,0.0;
1444,0.0;
2365,0.0;
9916,0.0;
5017,0.0;
1943,0.0;
3884,0.0;
2288,0.0;
3708,134217.6;
2753,223696.0;
4222,0.0;
8192,0.0;
4869,402652.8;
3233,268435.2;
3301,0.0;
4796,0.0;
888,0.0;
6239,0.0;
3590,0.0;
1684,0.0;
4030,178956.8;
4170,89478.4;
5136,0.0;
900,0.0;
5505,0.0;
29,0.0;
5201,0.0;
9880,0.0;
422,0.0;
6706,0.0;
8934,0.0;
6533,0.0;
1741,0.0;
171,0.0;
1908,0.0;
5218,0.0;
9063,0.0;
1298,0.0;
8867,0.0;
3450,0.0;
4841,0.0;
6631,0.0;
5549,0.0;
1779,268435.2;
1461,0.0;
570,0.0;
2089,268435.2;
3465,0.0;
7481,0.0;
153,0.0;
7144,0.0;
6368,0.0;
333,0.0;
8935,0.0;
1673,223696.0;
6727,134217.6;
5763,0.0;
8270,0.0;
39,0.0;
3421,0.0;
1383,0.0;
2721,0.0;
4014,0.0;
1741,0.0;
2857,0.0;
1321,0.0;
2163,0.0;
7677,0.0;
6428,134217.6;
7889,0.0;
3082,0.0;
7317,0.0;
788,0.0;
1761,0.0;
6001,0.0;
1076,0.0;
4597,0.0;
4903,0.0;
6403,0.0;
9141,0.0;
3371,0.0;
2614,0.0;
7431,134217.6;
2810,268435.2;
889,0.0;
2833,0.0;
161,0.0;
6172,0.0;
5822,0.0;
3360,0.0;
7053,0.0;
3991,0.0;
3828,0.0;
7252,447392.0;
3292,1834307.2;
4565,1386915.2;
9031,0.0;
4108,0.0;
148,0.0;
865,134217.6;
6485,0.0;
8994,0.0;
2956,0.0;
9289,268435.2;
9014,1923785.6;
1347,2013264.0;
3889,134217.6;
3025,0.0;
7618,0.0;
3364,0.0;
6280,0.0;
6173,0.0;
4559,0.0;
1111,0.0;
2954,0.0;
5572,0.0;
2187,0.0;
1839,2192221.8666666667;
5740,7739887.2;
9540,6218753.066666666;
8557,5905578.4;
7877,8858368.266666668;
7150,2.2951228533333335E7;
6659,1.44507736E7;
3017,7068798.133333334;
860,8187279.2;
8069,1.4629730133333333E7;
3147,1.8701001066666666E7;
1042,9082064.0;
12,6710884.0;
7208,7963584.266666667;
4372,2.2772272E7;
7834,1.5300818666666666E7;
4769,7203015.733333333;
9089,6576666.933333334;
4623,1.3869163466666667E7;
4436,2.4785540266666666E7;
5087,9753153.066666666;
7357,8366236.266666667;
9391,1.0737416266666668E7;
8476,9574195.733333332;
2460,2639613.066666667;
9321,178956.8;
6086,0.0;
4020,0.0;
891,0.0;
5829,0.0;
2375,0.0;
1494,0.0;
9829,0.0;
7782,178956.8;
6154,89478.4;
9120,0.0;
452,0.0;
6916,178956.8;
7515,3847572.533333333;
1931,5234489.6;
2570,5637143.2;
3838,6308231.2;
1036,1.83878264E7;
3034,1.9506307466666665E7;
1887,9842631.466666667;
715,7292493.6;
6207,8455715.466666667;
4523,2.2056444533333335E7;
6416,1.4674469866666667E7;
9506,6934580.8;
4887,6576666.933333334;
2198,1.2526986133333333E7;
6412,2.7469893866666667E7;
9196,1.30638568E7;
7281,8679410.133333333;
9082,8366236.0;
4368,1.61061256E7;
7066,2.12958776E7;
2154,1.0111066133333333E7;
7605,6263492.0;
320,6531927.466666667;
9727,1.8745740533333335E7;
2737,1.6687735733333332E7;
9319,8142539.733333333;
3003,6084535.2;
9400,6979320.266666667;
7067,2.1832748E7;
3969,1.3466510133333333E7;
9249,7471450.666666667;
9677,7560928.8;
436,1.24375064E7;
6870,2.0624788266666666E7;
2412,1.1050591466666667E7;
2908,7334037.142857143;
8006,6039796.0;
4669,1.21690712E7;
5575,1.9103655466666665E7;
8249,8455714.666666666;
7685,6576666.933333334;
4769,6666145.333333333;
6863,1.6866692266666666E7;
5406,1.79404344E7;
6918,9305760.0;
2959,5950317.6;
2222,6442449.6;
4161,1.2213810933333334E7;
2157,2.4114450133333333E7;
7148,1.1140069333333334E7;
5736,6710884.0;
3873,6934580.0;
6488,9439977.866666667;
2453,1.91931336E7;
8742,5464577.142857143;
312,431413.71428571426;
9116,0.0;
4393,0.0;
6809,223696.0;
9446,134217.6;
261,0.0;
2407,0.0;
7960,0.0;
9067,0.0;
6354,134217.6;
5546,0.0;
6474,0.0;
9530,0.0;
3396,0.0;
5792,0.0;
4015,0.0;
4293,0.0;
819,0.0;
2182,0.0;
3935,0.0;
9418,178956.8;
4270,134217.6;
674,0.0;
5119,0.0;
8781,0.0;
3363,0.0;
535,0.0;
8978,0.0;
8295,0.0;
9611,0.0;
7901,0.0;
6846,0.0;
8181,0.0;
557,0.0;
1133,0.0;
5367,0.0;
7014,0.0;
8356,0.0;
613,0.0;
4284,0.0;
5090,0.0;
5022,0.0;
7681,0.0;
4450,0.0;
7528,0.0;
1935,0.0;
3582,0.0;
3858,0.0;
9419,0.0;
8217,0.0;
9479,0.0;
6027,0.0;
6353,0.0;
1180,0.0;
2877,44739.2;
8146,402652.8;
3677,134217.6;
2131,134217.6;
4100,0.0;
6079,0.0;
6957,0.0;
2540,0.0;
8886,0.0;
9520,0.0;
4305,0.0;
8828,0.0;
9614,0.0;
3393,0.0;
8442,0.0;
8812,134217.6;
8175,0.0;
918,0.0;
2688,0.0;
9285,0.0;
8102,0.0;
9688,0.0;
421,0.0;
2072,0.0;
2213,89478.4;
4573,313174.4;
1979,0.0;
5471,0.0;
4712,0.0;
281,0.0;
6452,0.0;
9011,0.0;
3468,0.0;
2024,0.0;
8374,0.0;
2107,0.0;
9037,0.0;
4889,0.0;
931,0.0;
1366,0.0;
1861,0.0;
1219,134217.6;
7965,0.0;
7067,0.0;
8043,0.0;
622,0.0;
6814,0.0;
6640,0.0;
7121,0.0;
9040,0.0;
2799,0.0;
1846,357913.6;
2333,178956.8;
1741,0.0;
4054,0.0;
6810,134217.6;
5016,0.0;
64,44739.2;
2294,3221223.466666667;
6051,5189751.2;
9984,6308230.933333334;
3256,7516191.2;
1140,1.3153334933333334E7;
5217,1.8208870133333333E7;
7990,8813628.533333333;
4887,7650408.0;
8619,7605669.333333333;
2368,2.34433608E7;
4727,1.48534264E7;
7925,8097800.533333333;
4615,8321497.333333333;
4333,1.61061256E7;
3196,1.8387826933333334E7;
3822,9305760.0;
7194,5860839.2;
925,8858368.533333333;
7725,1.99089608E7;
8731,9797892.266666668;
3960,6666144.8;
9599,5995056.8;
3457,1.68219528E7;
4297,1.9506306933333334E7;
5930,9350500.533333333;
4530,6442448.8;
4697,9529456.533333333;
1414,2.1295877066666666E7;
1723,1.0290024E7;
7031,6263492.0;
9131,1.0334762933333334E7;
2776,1.525608E7;
9345,1.43612952E7;
8698,2192221.3333333335;
2670,0.0;
4105,0.0;
1280,0.0;
4792,0.0;
1417,0.0;
4518,0.0;
6190,0.0;
2934,0.0;
3083,0.0;
3665,0.0;
7111,0.0;
1420,0.0;
92,0.0;
6995,0.0;
1716,0.0;
2206,0.0;
535,0.0;
766,223696.0;
4962,268435.2;
5906,0.0;
1197,0.0;
5293,0.0;
8212,0.0;
59,0.0;
8909,0.0;
8310,0.0;
1802,0.0;
7329,0.0;
2668,0.0;
311,0.0;
9959,0.0;
7314,0.0;
9140,0.0;
247,0.0;
7923,89478.4;
4228,268435.2;
8436,0.0;
3086,0.0;
1217,0.0;
2790,0.0;
5394,0.0;
354,0.0;
6097,0.0;
6419,0.0;
3985,0.0;
1052,0.0;
8386,0.0;
5009,0.0;
8894,0.0;
3063,0.0;
5153,223696.0;
4441,134217.6;
8896,0.0;
4571,0.0;
9973,0.0;
6313,0.0;
1168,0.0;
887,0.0;
7871,0.0;
4339,0.0;
4368,0.0;
4536,0.0;
503,0.0;
3359,0.0;
979,89478.4;
5541,44739.2;
5559,0.0;
7968,0.0;
6229,0.0;
4381,0.0;
6990,0.0;
405,0.0;
1672,0.0;
2297,0.0;
4209,0.0;
1516,0.0;
6455,0.0;
2317,0.0;
9127,0.0;
4374,0.0;
8230,0.0;
9672,0.0;
9619,0.0;
7451,223696.0;
8684,134217.6;
2105,0.0;
6797,0.0;
3101,0.0;
5761,0.0;
8998,0.0;
1342,0.0;
7570,0.0;
5754,0.0;
3196,0.0;
1068,0.0;
737,0.0;
3705,0.0;
960,0.0;
7870,0.0;
7363,0.0;
9759,0.0;
3554,0.0;
7279,0.0;
6744,0.0;
2498,0.0;
8659,0.0;
7918,0.0;
4372,0.0;
7639,0.0;
984,0.0;
1374,0.0;
7423,0.0;
1957,0.0;
9283,0.0;
5202,0.0;
5754,0.0;
7801,0.0;
1280,0.0;
3092,134217.6;
1425,0.0;
3149,0.0;
8945,0.0;
6586,0.0;
2729,0.0;
5798,0.0;
4025,0.0;
2163,0.0;
3197,0.0;
7994,0.0;
7765,0.0;
5983,89478.4;
2126,581609.6;
9550,0.0;
9350,0.0;
6144,0.0;
792,0.0;
3366,0.0;
4765,89478.4;
8902,223696.0;
7702,0.0;
7130,0.0;
1479,0.0;
1008,178956.8;
7002,402652.8;
8942,223696.0;
4648,0.0;
5001,0.0;
6447,0.0;
2627,0.0;
7383,626348.8;
8149,0.0;
5255,0.0;
570,0.0;
1027,0.0;
8559,0.0;
7558,0.0;
8073,0.0;
1357,0.0;
3904,0.0;
4219,0.0;
3397,0.0;
3180,0.0;
9222,0.0;
4289,0.0;
1970,0.0;
8844,0.0;
251,0.0;
7565,0.0;
1530,0.0;
5900,0.0;
7928,0.0;
1355,0.0;
7394,0.0;
5322,0.0;
7800,0.0;
7823,0.0;
3477,0.0;
4505,0.0;
5375,0.0;
3109,0.0;
5215,0.0;
8589,0.0;
4714,0.0;
5786,0.0;
5133,0.0;
9587,0.0;
2931,2147481.6;
160,894784.0;
413,134217.6;
5239,0.0;
7701,0.0;
9409,0.0;
4564,0.0;
8563,0.0;
8356,0.0;
4654,0.0;
2018,0.0;
4679,0.0;
3690,0.0;
8635,0.0;
5351,0.0;
3603,0.0;
1226,178956.8;
6895,134217.6;
9675,0.0;
6488,0.0;
3346,0.0;
5109,0.0;
7747,0.0;
8001,0.0;
5445,0.0;
8506,0.0;
2329,0.0;
9443,0.0;
47,0.0;
8217,0.0;
9409,0.0;
5563,0.0;
8714,0.0;
9827,0.0;
7070,0.0;
3037,0.0;
449,0.0;
1391,0.0;
9960,0.0;
83,0.0;
1355,0.0;
1752,0.0;
8605,0.0;
4803,0.0;
5283,0.0;
5139,0.0;
6140,0.0;
4473,0.0;
9368,0.0;
4679,0.0;
2399,0.0;
9267,0.0;
1513,0.0;
5735,134217.6;
6806,223696.0;
1619,0.0;
9093,0.0;
9796,402652.8;
6973,223696.0;
6853,0.0;
9488,0.0;
1008,0.0;
9536,0.0;
1536,0.0;
3383,0.0;
378,0.0;
3377,0.0;
3556,0.0;
1217,0.0;
7200,0.0;
3092,0.0;
1892,44739.2;
1643,268435.2;
3296,0.0;
2336,0.0;
4702,0.0;
8403,0.0;
3306,0.0;
2504,0.0;
1461,0.0;
8643,0.0;
3439,0.0;
2091,0.0;
8626,0.0;
1371,0.0;
1868,0.0;
6042,0.0;
8598,0.0;
9470,0.0;
6237,0.0;
2425,0.0;
8570,0.0;
2522,0.0;
7656,0.0;
5805,0.0;
9279,0.0;
511,0.0;
5980,0.0;
2899,0.0;
3643,0.0;
439,0.0;
8175,0.0;
6223,0.0;
1797,0.0;
8845,0.0;
137,0.0;
5794,0.0;
2142,0.0;
3287,0.0;
2465,0.0;
7196,0.0;
7672,0.0;
4936,0.0;
2363,0.0;
6774,0.0;
3073,0.0;
2637,0.0;
7117,223696.0;
1151,134217.6;
860,0.0;
5991,0.0;
9387,0.0;
8769,0.0;
4180,0.0;
1341,0.0;
956,0.0;
5763,0.0;
9805,0.0;
9888,0.0;
9483,0.0;
7096,0.0;
7303,0.0;
1600,268435.2;
2350,0.0;
6600,0.0;
9438,0.0;
2044,0.0;
2719,0.0;
6325,0.0;
4397,0.0;
1852,536870.4;
5572,0.0;
6453,0.0;
2665,0.0;
103,0.0;
5673,89478.4;
1885,0.0;
14,0.0;
3615,0.0;
5166,0.0;
606,0.0;
3430,0.0;
3842,0.0;
5814,0.0;
1931,0.0;
8584,0.0;
1913,0.0;
9774,0.0;
9802,0.0;
5915,0.0;
156,134217.6;
3252,0.0;
7482,0.0;
7311,0.0;
5430,0.0;
9350,0.0;
5167,0.0;
6960,0.0;
5529,671088.0;
34,134217.6;
1319,268435.2;
7995,0.0;
5006,0.0;
2219,0.0;
1850,0.0;
1248,0.0;
850,0.0;
9704,0.0;
8677,0.0;
3617,0.0;
1631,0.0;
925,0.0;
631,0.0;
1364,223696.0;
5979,44739.2;
2297,0.0;
5212,0.0;
7992,0.0;
7542,0.0;
8312,0.0;
9262,0.0;
7252,0.0;
3928,0.0;
2490,0.0;
278,0.0;
9319,0.0;
6589,0.0;
7778,178956.8;
7791,268435.2;
2185,0.0;
7048,0.0;
1076,0.0;
5994,0.0;
946,0.0;
2466,0.0;
4157,0.0;
4638,89478.4;
4782,178956.8;
106,134217.6;
2488,0.0;
5131,0.0;
5173,0.0;
5977,0.0;
4168,0.0;
2667,0.0;
9171,0.0;
7633,0.0;
3535,0.0;
3319,0.0;
8401,0.0;
4936,0.0;
7875,0.0;
7022,0.0;
7843,0.0;
5422,0.0;
1075,0.0;
3576,0.0;
8470,0.0;
2860,0.0;
5114,0.0;
8983,0.0;
4289,0.0;
8564,0.0;
8798,134217.6;
3678,0.0;
7484,0.0;
5071,0.0;
3314,0.0;
2598,0.0;
4975,0.0;
907,0.0;
5832,0.0;
9363,0.0;
5956,0.0;
3349,0.0;
5674,0.0;
3345,0.0;
2737,0.0;
3308,0.0;
2349,516221.53846153844;
8898,178956.8;
6588,0.0;
2768,0.0;
1139,0.0;
595,0.0;
6152,0.0;
581,0.0;
9887,0.0;
6995,0.0;
8511,0.0;
6836,268435.2;
101,134217.6;
8113,0.0;
1974,0.0;
9500,0.0;
6565,0.0;
8595,0.0;
5300,0.0;
9594,134217.6;
2306,0.0;
9377,0.0;
184,0.0;
2764,0.0;
9895,0.0;
5532,0.0;
2586,0.0;
5786,223696.0;
5877,536870.4;
6959,0.0;
3748,0.0;
6287,0.0;
2387,0.0;
1570,0.0;
3593,0.0;
2743,0.0;
8919,0.0;
7729,0.0;
7628,0.0;
9707,0.0;
7639,0.0;
3835,44739.2;
3401,89478.4;
112,0.0;
7643,0.0;
8137,0.0;
4140,0.0;
2497,0.0;
7112,0.0;
1147,402652.8;
5278,44739.2;
6063,89478.4;
7464,134217.6;
6343,0.0;
4211,0.0;
548,0.0;
275,0.0;
2250,0.0;
4891,0.0;
1109,0.0;
6000,0.0;
433,0.0;
6613,0.0;
629,268435.2;
3332,0.0;
9462,0.0;
707,0.0;
3162,0.0;
9437,0.0;
4496,0.0;
9753,0.0;
2584,0.0;
4206,0.0;
5744,0.0;
1424,0.0;
9970,0.0;
6196,0.0;
6816,0.0;
3065,0.0;
1662,0.0;
3995,0.0;
5695,0.0;
3737,0.0;
7569,0.0;
4344,268435.2;
6925,0.0;
7605,0.0;
5863,0.0;
7584,0.0;
3486,0.0;
6264,0.0;
5862,0.0;
1702,0.0;
791,0.0;
7893,0.0;
5678,0.0;
8605,0.0;
3242,89478.4;
7956,1073740.8;
4985,0.0;
90,0.0;
5893,0.0;
9591,0.0;
6103,0.0;
6454,0.0;
9869,0.0;
1801,0.0;
8575,0.0;
7659,0.0;
434,0.0;
70,0.0;
3321,0.0;
5550,0.0;
844,0.0;
7159,0.0;
2583,0.0;
5748,0.0;
3459,0.0;
1459,0.0;
923,0.0;
9526,0.0;
1979,0.0;
6530,0.0;
749,0.0;
9220,0.0;
5133,0.0;
8219,0.0;
3058,0.0;
5569,0.0;
2650,0.0;
5089,0.0;
397,0.0;
1715,0.0;
8934,0.0;
3838,0.0;
4396,0.0;
6576,0.0;
8515,0.0;
3799,0.0;
4658,0.0;
9768,0.0;
21,0.0;
3702,0.0;
9274,0.0;
1345,0.0;
2229,0.0;
9431,0.0;
9770,0.0;
2242,0.0;
6538,0.0;
3709,0.0;
4928,0.0;
5485,0.0;
5144,134217.6;
7304,143804.57142857142;
8577,0.0;
4013,0.0;
3102,0.0;
6716,0.0;
6179,0.0;
8237,0.0;
5531,0.0;
5066,0.0;
3873,0.0;
5358,0.0;
8249,0.0;
1371,0.0;
1454,0.0;
2913,0.0;
1308,0.0;
8346,0.0;
7709,0.0;
987,0.0;
75,0.0;
399,0.0;
2541,0.0;
1139,0.0;
7791,0.0;
1581,0.0;
5304,0.0;
5170,0.0;
6852,134217.6;
7932,313174.4;
2946,0.0;
3598,0.0;
3478,0.0;
9852,0.0;
4692,0.0;
1902,0.0;
1854,0.0;
7934,0.0;
2237,0.0;
2475,0.0;
9373,0.0;
41,0.0;
5741,0.0;
1545,0.0;
4177,0.0;
8294,0.0;
6260,0.0;
3293,0.0;
9847,0.0;
2139,0.0;
4666,0.0;
7905,0.0;
9780,0.0;
7672,0.0;
5620,0.0;
6331,0.0;
5568,0.0;
4011,0.0;
2683,0.0;
2177,0.0;
9537,0.0;
4649,0.0;
7284,313174.4;
337,134217.6;
1474,536870.4;
5453,0.0;
9921,0.0;
2712,0.0;
3531,0.0;
1261,0.0;
6717,178956.8;
3708,134217.6;
5333,0.0;
9848,0.0;
8246,0.0;
2042,0.0;
3362,0.0;
5489,0.0;
417,0.0;
854,89478.4;
4868,44739.2;
4255,0.0;
9105,0.0;
5122,0.0;
6727,0.0;
9774,0.0;
1235,0.0;
3922,0.0;
3973,0.0;
1237,0.0;
5042,0.0;
5222,0.0;
1022,0.0;
5117,0.0;
1367,0.0;
2590,0.0;
1023,0.0;
8264,0.0;
6010,0.0;
6418,0.0;
5229,0.0;
2856,0.0;
396,0.0;
7124,0.0;
4776,0.0;
2993,0.0;
4116,0.0;
4129,0.0;
1851,357913.6;
8666,0.0;
8268,0.0;
2379,0.0;
5895,0.0;
5266,0.0;
2926,0.0;
7647,0.0;
3136,0.0;
5872,0.0;
5588,0.0;
2964,0.0;
4581,134217.6;
9122,134217.6;
9967,0.0;
1098,0.0;
8369,268435.2;
7633,2102742.4;
6116,44739.2;
2242,0.0;
7326,0.0;
674,0.0;
3563,0.0;
1786,0.0;
1473,0.0;
68,0.0;
8841,0.0;
379,0.0;
8305,0.0;
134,0.0;
7626,0.0;
7367,0.0;
688,0.0;
909,0.0;
9530,0.0;
9123,0.0;
3407,0.0;
8847,0.0;
547,0.0;
5788,0.0;
4578,0.0;
729,0.0;
4116,0.0;
3520,0.0;
7407,0.0;
4617,0.0;
6813,0.0;
4447,0.0;
1126,0.0;
6331,0.0;
8826,0.0;
3252,0.0;
7300,0.0;
1171,0.0;
2484,0.0;
7515,0.0;
9183,0.0;
8362,357913.6;
4418,44739.2;
8805,0.0;
7297,0.0;
70,0.0;
8162,0.0;
2863,0.0;
4009,0.0;
7727,0.0;
4418,0.0;
145,0.0;
3490,0.0;
5889,0.0;
5592,0.0;
2546,0.0;
1191,0.0;
7868,0.0;
9734,0.0;
8115,0.0;
8696,0.0;
7991,0.0;
6515,0.0;
3283,0.0;
5668,0.0;
2482,0.0;
4537,0.0;
1236,0.0;
490,0.0;
4701,0.0;
4913,0.0;
5879,0.0;
5147,0.0;
740,0.0;
784,0.0;
3112,0.0;
7933,0.0;
8226,0.0;
6286,0.0;
5036,0.0;
9638,0.0;
4601,0.0;
1271,0.0;
8138,0.0;
4995,0.0;
1110,0.0;
79,0.0;
3504,0.0;
1405,0.0;
5253,268435.2;
3596,0.0;
5695,0.0;
1199,0.0;
7573,0.0;
3901,0.0;
7002,0.0;
2044,0.0;
8290,0.0;
9920,0.0;
5544,0.0;
2472,0.0;
5532,0.0;
668,0.0;
8871,0.0;
5991,0.0;
9670,0.0;
9899,0.0;
9593,0.0;
7733,0.0;
7643,0.0;
2300,0.0;
5892,0.0;
2186,178956.8;
7035,89478.4;
6681,0.0;
7755,0.0;
9202,0.0;
2165,0.0;
6110,0.0;
9226,0.0;
8161,268435.2;
3458,89478.4;
8342,0.0;
8079,0.0;
6962,0.0;
6985,0.0;
2513,0.0;
6907,0.0;
3321,0.0;
3196,0.0;
9646,0.0;
3843,0.0;
765,0.0;
2611,0.0;
5183,0.0;
6846,0.0;
653,0.0;
1504,0.0;
1522,0.0;
2830,0.0;
4588,0.0;
2460,0.0;
7310,0.0;
1784,0.0;
8640,0.0;
3103,0.0;
8120,0.0;
6447,0.0;
1970,0.0;
1260,0.0;
62,0.0;
143,0.0;
7634,0.0;
6346,0.0;
3849,0.0;
8913,178956.8;
2608,1163219.2;
4881,268435.2;
1914,357913.6;
9220,0.0;
7434,0.0;
2670,0.0;
5267,0.0;
9198,0.0;
3236,0.0;
7428,0.0;
9950,0.0;
9662,0.0;
5347,0.0;
3405,0.0;
5214,0.0;
902,0.0;
8296,223696.0;
3903,268435.2;
6792,0.0;
2682,0.0;
6466,0.0;
8499,0.0;
9065,0.0;
7785,0.0;
8404,0.0;
9259,0.0;
9275,0.0;
3950,0.0;
448,0.0;
4236,0.0;
5488,0.0;
5131,0.0;
7116,0.0;
7179,0.0;
7508,0.0;
602,89478.4;
1528,268435.2;
9515,0.0;
6591,0.0;
9646,0.0;
9012,0.0;
4378,0.0;
5455,0.0;
322,0.0;
1040,0.0;
2771,0.0;
4840,0.0;
3084,0.0;
4592,0.0;
8769,0.0;
6656,0.0;
3944,0.0;
4200,0.0;
4085,0.0;
6624,0.0;
7296,402652.8;
4,0.0;
2302,0.0;
1240,0.0;
5497,0.0;
5403,0.0;
9584,0.0;
4871,0.0;
904,0.0;
2110,0.0;
1803,0.0;
2852,0.0;
6170,0.0;
8802,0.0;
7665,0.0;
5563,0.0;
284,0.0;
1887,0.0;
3619,0.0;
6618,0.0;
1121,134217.6;
3419,402652.8;
9156,0.0;
5572,0.0;
56,0.0;
1682,0.0;
414,0.0;
1808,0.0;
577,0.0;
4544,0.0;
5941,0.0;
1670,0.0;
789,0.0;
4332,0.0;
910,0.0;
5294,0.0;
9180,0.0;
5692,0.0;
5152,0.0;
3104,0.0;
4098,0.0;
4639,0.0;
5915,0.0;
4469,134217.6;
17,0.0;
7863,0.0;
8483,0.0;
2635,0.0;
7843,134217.6;
6227,0.0;
6440,134217.6;
737,0.0;
2282,0.0;
5364,0.0;
8699,0.0;
3392,0.0;
6609,0.0;
9280,0.0;
2241,0.0;
7219,0.0;
4010,0.0;
9966,0.0;
7910,0.0;
1457,0.0;
5188,0.0;
7165,0.0;
1599,0.0;
6802,0.0;
3837,0.0;
7625,0.0;
4683,223696.0;
6543,402652.8;
5228,402652.8;
2460,0.0;
5652,0.0;
9165,0.0;
8226,0.0;
4561,0.0;
9558,0.0;
5649,0.0;
7770,0.0;
5383,0.0;
3112,0.0;
7919,0.0;
3105,0.0;
1918,0.0;
1043,0.0;
7089,89478.4;
6846,0.0;
132,0.0;
3683,0.0;
1485,0.0;
1360,0.0;
788,134217.6;
6654,0.0;
4758,0.0;
1860,0.0;
7152,0.0;
991,0.0;
3852,0.0;
138,0.0;
1844,0.0;
6077,0.0;
5040,0.0;
8914,134217.6;
1823,0.0;
8364,0.0;
3844,0.0;
4388,0.0;
6342,0.0;
6007,0.0;
1213,0.0;
3810,0.0;
2596,0.0;
3260,0.0;
4028,0.0;
5603,0.0;
7755,0.0;
8760,0.0;
2766,0.0;
1893,0.0;
4062,0.0;
8689,0.0;
2893,0.0;
7199,0.0;
5790,0.0;
9197,0.0;
9484,0.0;
2446,0.0;
2977,671088.0;
2427,268435.2;
6442,0.0;
479,0.0;
7049,0.0;
7061,0.0;
2697,0.0;
7835,0.0;
7753,0.0;
7349,0.0;
7820,0.0;
7622,0.0;
9091,0.0;
4274,0.0;
8574,0.0;
85,0.0;
4406,0.0;
8718,0.0;
6121,0.0;
651,0.0;
7156,0.0;
9276,0.0;
841,0.0;
97,0.0;
4492,0.0;
6716,0.0;
7988,0.0;
7822,0.0;
5301,0.0;
2973,0.0;
2814,0.0;
7192,0.0;
3015,0.0;
5073,0.0;
8170,402652.8;
1373,44739.2;
6218,0.0;
3365,0.0;
1122,0.0;
9185,0.0;
6832,0.0;
9091,0.0;
7633,268435.2;
3091,268435.2;
6480,0.0;
8425,0.0;
5999,0.0;
5670,0.0;
6561,0.0;
8891,0.0;
384,134217.6;
6625,268435.2;
6474,0.0;
9296,0.0;
5545,0.0;
9736,0.0;
7486,0.0;
6207,0.0;
2634,0.0;
8014,0.0;
6794,0.0;
8382,0.0;
3823,0.0;
5777,178956.8;
7487,178956.8;
5540,0.0;
425,0.0;
8345,0.0;
5326,0.0;
9398,0.0;
5174,134217.6;
3627,134217.6;
2486,0.0;
2992,0.0;
4361,0.0;
5019,0.0;
1809,0.0;
8951,0.0;
9652,0.0;
1681,0.0;
2423,0.0;
8619,0.0;
2578,0.0;
546,0.0;
9110,0.0;
1723,0.0;
6932,44739.2;
4223,536870.4;
3277,89478.4;
586,0.0;
5580,0.0;
317,0.0;
2984,0.0;
3830,0.0;
8606,0.0;
645,0.0;
3126,0.0;
1986,0.0;
9073,0.0;
3320,134217.6;
4564,0.0;
1416,0.0;
1222,0.0;
6751,0.0;
2764,0.0;
3615,0.0;
3439,0.0;
2211,0.0;
2356,0.0;
4063,0.0;
4967,357913.6;
847,0.0;
3879,0.0;
8535,0.0;
974,0.0;
1719,0.0;
2980,0.0;
5087,0.0;
5370,0.0;
9812,0.0;
301,0.0;
6735,0.0;
4523,0.0;
6802,0.0;
2423,0.0;
3285,0.0;
7907,0.0;
2833,0.0;
326,0.0;
735,0.0;
3648,0.0;
4522,178956.8;
2065,134217.6;
3201,0.0;
7889,0.0;
3024,0.0;
625,0.0;
5415,0.0;
6970,0.0;
6068,134217.6;
6222,0.0;
3495,0.0;
530,0.0;
9597,0.0;
4749,0.0;
7928,0.0;
1794,0.0;
7882,0.0;
486,0.0;
5466,0.0;
8555,0.0;
5799,0.0;
1734,0.0;
5991,0.0;
4674,0.0;
3331,0.0;
2598,0.0;
6320,0.0;
7246,178956.8;
303,134217.6;
2805,0.0;
5383,0.0;
9045,0.0;
8862,0.0;
120,0.0;
4234,0.0;
9313,0.0;
2250,0.0;
6716,0.0;
9975,0.0;
8540,0.0;
1104,0.0;
1675,0.0;
4799,0.0;
4453,0.0;
2634,0.0;
6692,0.0;
106,0.0;
7148,0.0;
3843,0.0;
990,0.0;
910,0.0;
1002,134217.6;
7233,357913.6;
4518,268435.2;
7622,313174.4;
9824,89478.4;
6325,0.0;
5520,0.0;
667,0.0;
9547,0.0;
8773,0.0;
9766,0.0;
8412,0.0;
9703,0.0;
6831,0.0;
3903,0.0;
366,134217.6;
892,0.0;
8523,0.0;
4662,0.0;
5748,0.0;
533,0.0;
7968,0.0;
8998,0.0;
2148,0.0;
3251,0.0;
20,0.0;
7613,0.0;
253,0.0;
5478,0.0;
2626,0.0;
5780,0.0;
8367,0.0;
6055,0.0;
117,0.0;
903,0.0;
4820,0.0;
5904,0.0;
2038,0.0;
5828,0.0;
7262,0.0;
261,0.0;
5042,44739.2;
549,89478.4;
5301,0.0;
6299,0.0;
9894,0.0;
2685,0.0;
6996,0.0;
7539,0.0;
1680,805305.6;
8843,0.0;
288,223696.0;
3946,134217.6;
8956,0.0;
4832,0.0;
7630,0.0;
3219,0.0;
6753,0.0;
2579,0.0;
5795,0.0;
4495,0.0;
9110,0.0;
5544,0.0;
3103,0.0;
383,134217.6;
9113,0.0;
2474,0.0;
3186,0.0;
7054,0.0;
8316,0.0;
1379,0.0;
7796,268435.2;
4996,0.0;
2827,0.0;
1793,0.0;
1138,0.0;
4936,0.0;
384,0.0;
3562,0.0;
4741,0.0;
4433,134217.6;
1261,402652.8;
4681,0.0;
4986,0.0;
701,0.0;
6033,0.0;
9024,0.0;
5050,0.0;
4310,0.0;
4849,0.0;
7216,0.0;
9258,0.0;
6618,0.0;
6175,0.0;
339,0.0;
630,0.0;
989,0.0;
7750,0.0;
6684,0.0;
1714,0.0;
4184,0.0;
8870,0.0;
6345,0.0;
4763,0.0;
9645,0.0;
1088,0.0;
7093,0.0;
9727,0.0;
8834,0.0;
3888,0.0;
7672,0.0;
7612,0.0;
271,134217.6;
2960,0.0;
1423,0.0;
2313,0.0;
8462,0.0;
1348,0.0;
3971,0.0;
6227,0.0;
6512,0.0;
7919,0.0;
3627,0.0;
3631,0.0;
6911,0.0;
3345,0.0;
2064,0.0;
1126,0.0;
4704,0.0;
1126,0.0;
5892,0.0;
6280,0.0;
6041,0.0;
42,0.0;
6810,0.0;
4008,0.0;
3010,0.0;
4860,0.0;
9159,0.0;
5206,0.0;
2516,0.0;
4149,0.0;
8916,0.0;
3686,0.0;
3021,0.0;
7580,0.0;
7420,0.0;
5547,357913.6;
7949,0.0;
253,0.0;
6468,0.0;
9797,0.0;
8723,0.0;
8254,0.0;
8794,0.0;
227,0.0;
3531,0.0;
7926,0.0;
9427,0.0;
6363,268435.2;
193,313174.4;
1116,0.0;
8892,0.0;
5628,0.0;
2771,223696.0;
72,268435.2;
8865,0.0;
9779,0.0;
1929,0.0;
8581,0.0;
4474,0.0;
6155,0.0;
8501,0.0;
450,0.0;
5178,0.0;
8284,0.0;
8173,0.0;
2493,0.0;
7918,0.0;
1017,0.0;
2753,0.0;
6819,0.0;
2050,0.0;
2505,0.0;
131,0.0;
6401,0.0;
5491,0.0;
9044,0.0;
656,0.0;
8653,313174.4;
5419,178956.8;
9127,0.0;
2459,0.0;
4073,0.0;
4948,0.0;
9853,0.0;
1986,0.0;
868,0.0;
9204,0.0;
2271,0.0;
8907,0.0;
1928,0.0;
452,313174.4;
2204,44739.2;
6492,0.0;
7513,0.0;
2048,0.0;
9639,0.0;
9490,0.0;
5588,0.0;
5332,223696.0;
2835,134217.6;
1647,0.0;
1856,0.0;
1843,0.0;
3009,0.0;
4087,0.0;
3244,0.0;
5685,0.0;
1625,0.0;
3935,0.0;
1831,0.0;
7284,0.0;
5143,0.0;
9841,0.0;
1038,0.0;
325,0.0;
1394,0.0;
7326,0.0;
2271,0.0;
8218,0.0;
7679,0.0;
2239,0.0;
8139,0.0;
5094,0.0;
3152,0.0;
5065,0.0;
7887,0.0;
9041,0.0;
7074,0.0;
2262,0.0;
1731,0.0;
2038,0.0;
133,0.0;
3405,0.0;
3428,0.0;
1905,0.0;
8178,0.0;
4486,0.0;
4586,0.0;
6454,0.0;
6424,0.0;
8419,0.0;
9978,0.0;
8989,134217.6;
7501,0.0;
3517,0.0;
442,0.0;
7328,0.0;
8513,0.0;
9526,0.0;
8823,268435.2;
5593,447392.0;
745,0.0;
8638,0.0;
4849,0.0;
9153,0.0;
571,0.0;
5859,0.0;
6843,0.0;
8317,0.0;
1675,0.0;
9058,335544.0;
1718,134217.6;
5648,0.0;
6802,0.0;
4113,0.0;
9872,0.0;
5072,223696.0;
1889,402652.8;
4643,0.0;
8226,0.0;
8386,0.0;
6662,0.0;
9007,0.0;
2966,0.0;
6193,0.0;
3575,0.0;
9508,0.0;
3310,0.0;
5827,0.0;
1285,0.0;
9979,0.0;
9034,0.0;
8405,0.0;
9807,0.0;
8362,0.0;
7418,0.0;
783,0.0;
1921,0.0;
264,0.0;
9766,0.0;
5906,0.0;
9463,0.0;
7975,0.0;
3733,0.0;
6802,0.0;
3724,0.0;
6987,0.0;
5315,0.0;
5308,0.0;
6328,0.0;
8665,0.0;
3541,0.0;
6493,0.0;
691,0.0;
3382,0.0;
1666,0.0;
3721,0.0;
4452,0.0;
3177,0.0;
969,0.0;
7296,0.0;
85,0.0;
6799,0.0;
7153,0.0;
1714,0.0;
4348,0.0;
2841,0.0;
4760,0.0;
2704,0.0;
7162,0.0;
8616,0.0;
2048,0.0;
5420,0.0;
7072,0.0;
3393,0.0;
7297,0.0;
9442,44739.2;
3513,626348.8;
4682,268435.2;
7692,0.0;
4545,0.0;
5787,0.0;
5336,0.0;
3566,0.0;
3617,0.0;
4854,0.0;
7448,0.0;
4089,0.0;
5535,0.0;
6854,0.0;
6233,0.0;
5254,0.0;
1345,0.0;
6574,0.0;
3390,0.0;
7431,0.0;
1663,268435.2;
5043,134217.6;
4805,0.0;
7676,0.0;
1858,0.0;
7862,0.0;
1877,0.0;
1480,0.0;
4285,0.0;
9916,0.0;
9226,0.0;
9731,0.0;
3602,0.0;
7747,0.0;
4114,0.0;
9264,0.0;
2033,0.0;
2964,0.0;
4489,0.0;
9574,0.0;
6339,0.0;
8849,0.0;
3278,0.0;
4029,0.0;
7201,0.0;
7560,0.0;
6233,0.0;
1207,0.0;
4753,0.0;
7182,0.0;
9505,0.0;
893,0.0;
1070,0.0;
6313,268435.2;
909,134217.6;
9681,0.0;
1566,0.0;
8812,0.0;
5834,0.0;
3145,134217.6;
2452,0.0;
2871,0.0;
4674,0.0;
5105,0.0;
688,0.0;
6707,0.0;
3766,0.0;
9635,268435.2;
6185,268435.2;
7761,0.0;
5884,0.0;
8156,0.0;
3387,0.0;
3587,0.0;
9543,0.0;
2206,0.0;
861,0.0;
333,0.0;
8582,0.0;
2289,268435.2;
2998,134217.6;
9099,0.0;
4813,0.0;
4601,0.0;
7527,0.0;
1368,0.0;
6862,0.0;
336,0.0;
6189,0.0;
2134,0.0;
7782,0.0;
6809,0.0;
3623,0.0;
3442,0.0;
2474,0.0;
5694,0.0;
1264,0.0;
1612,0.0;
3509,0.0;
1269,0.0;
8920,0.0;
8585,0.0;
583,0.0;
800,0.0;
6542,0.0;
1556,0.0;
4459,0.0;
9906,0.0;
2707,0.0;
5339,0.0;
1038,0.0;
8081,0.0;
4298,0.0;
8760,0.0;
4965,0.0;
3426,0.0;
3993,0.0;
9759,0.0;
5050,0.0;
1076,223696.0;
8283,134217.6;
3896,0.0;
5717,0.0;
6817,0.0;
8970,0.0;
7440,0.0;
9652,0.0;
5935,0.0;
5330,0.0;
9358,0.0;
6914,0.0;
7508,0.0;
2510,0.0;
6144,0.0;
4831,0.0;
5973,0.0;
4051,0.0;
9679,0.0;
1223,0.0;
5129,1879046.4;
2947,3579136.8;
1079,4876575.733333333;
710,8634671.2;
4490,1.27506832E7;
6136,3087005.6;
2827,134217.6;
156,0.0;
4311,0.0;
1892,0.0;
7425,0.0;
4670,0.0;
3545,0.0;
8261,0.0;
3219,2594873.6;
21,4563401.6;
4481,1.2034853866666667E7;
3356,1.0290024533333333E7;
7157,1386915.2;
778,268435.2;
8883,0.0;
5112,0.0;
9750,0.0;
6067,0.0;
3091,0.0;
8930,0.0;
9745,0.0;
6430,0.0;
3699,0.0;
6530,0.0;
4679,0.0;
5954,0.0;
1226,0.0;
8279,0.0;
8802,0.0;
3565,0.0;
6454,0.0;
4297,0.0;
1684,0.0;
6190,0.0;
3043,0.0;
6707,0.0;
9243,0.0;
4350,89478.4;
420,313174.4;
6546,0.0;
3893,0.0;
7659,134217.6;
2978,1476393.6;
4056,0.0;
2035,0.0;
3715,0.0;
5162,0.0;
338,0.0;
5241,0.0;
8882,0.0;
7168,0.0;
1697,0.0;
6098,0.0;
3618,0.0;
2642,0.0;
5377,0.0;
940,0.0;
8132,0.0;
8044,0.0;
6860,0.0;
9440,0.0;
6424,0.0;
3148,0.0;
4401,0.0;
5413,0.0;
8045,0.0;
3518,0.0;
6076,0.0;
4080,0.0;
7279,0.0;
8744,0.0;
8235,0.0;
8484,268435.2;
8861,0.0;
4737,0.0;
1977,0.0;
1847,0.0;
7870,0.0;
4423,223696.0;
6028,134217.6;
3168,0.0;
8917,0.0;
8823,0.0;
218,0.0;
610,0.0;
6443,0.0;
9682,268435.2;
3676,0.0;
865,0.0;
3536,0.0;
5569,0.0;
5777,0.0;
3022,0.0;
1469,134217.6;
5689,178956.8;
5937,0.0;
2290,0.0;
5938,0.0;
9509,0.0;
390,0.0;
2333,0.0;
8834,0.0;
5755,0.0;
252,0.0;
4949,0.0;
6316,0.0;
1335,134217.6;
5380,178956.8;
2363,0.0;
4948,134217.6;
9299,0.0;
2773,0.0;
489,0.0;
7688,0.0;
5087,0.0;
6639,0.0;
1186,0.0;
642,0.0;
2000,0.0;
9607,0.0;
7740,268435.2;
9685,134217.6;
69,0.0;
1019,0.0;
605,0.0;
3243,0.0;
7340,0.0;
8794,0.0;
9764,0.0;
3888,0.0;
8935,0.0;
5884,0.0;
5988,0.0;
6708,0.0;
7220,0.0;
1012,0.0;
5744,0.0;
6859,0.0;
5891,0.0;
6098,0.0;
3531,447392.0;
2206,89478.4;
1858,0.0;
9518,0.0;
1019,0.0;
9483,0.0;
1456,0.0;
5187,0.0;
4527,0.0;
4019,0.0;
1653,0.0;
2355,0.0;
1095,0.0;
3778,0.0;
2733,0.0;
9945,0.0;
8695,0.0;
8151,0.0;
6214,0.0;
2297,0.0;
7948,0.0;
781,0.0;
625,0.0;
237,0.0;
1162,0.0;
3533,89478.4;
8259,223696.0;
2571,0.0;
9438,0.0;
5660,0.0;
7952,0.0;
8260,0.0;
146,0.0;
8200,0.0;
2563,0.0;
8849,0.0;
5164,0.0;
8677,0.0;
4911,0.0;
4016,0.0;
4928,0.0;
5318,0.0;
2657,0.0;
517,0.0;
4566,0.0;
3132,0.0;
819,0.0;
6258,0.0;
6169,0.0;
6464,0.0;
482,0.0;
6735,0.0;
5602,0.0;
3934,0.0;
3590,0.0;
667,0.0;
3154,0.0;
2012,0.0;
6679,0.0;
5294,268435.2;
4822,89478.4;
2919,0.0;
895,0.0;
9510,0.0;
5025,0.0;
1038,0.0;
1719,0.0;
4772,0.0;
2161,0.0;
9546,0.0;
9435,0.0;
9554,0.0;
5580,0.0;
5605,0.0;
568,0.0;
3011,0.0;
6254,0.0;
8122,0.0;
1292,0.0;
7474,0.0;
3703,0.0;
6819,0.0;
6078,0.0;
7402,0.0;
8622,0.0;
5162,0.0;
8789,0.0;
4523,0.0;
3995,1029001.6;
2542,402652.8;
8803,268435.2;
5004,0.0;
7524,0.0;
3047,0.0;
1810,0.0;
4727,0.0;
4681,0.0;
9138,0.0;
3437,0.0;
2999,0.0;
4810,268435.2;
8584,134217.6;
4027,0.0;
3349,0.0;
2366,0.0;
2142,0.0;
4560,0.0;
2484,0.0;
1588,0.0;
7621,0.0;
6968,0.0;
4891,0.0;
5692,0.0;
3223,0.0;
6901,0.0;
1124,0.0;
1025,0.0;
9339,0.0;
3393,0.0;
2387,0.0;
2494,0.0;
3342,0.0;
7801,0.0;
2648,0.0;
9116,0.0;
6362,0.0;
3901,0.0;
2248,0.0;
7499,0.0;
4472,0.0;
2082,0.0;
3728,0.0;
6717,0.0;
9312,0.0;
3224,134217.6;
1413,0.0;
160,0.0;
4762,0.0;
2004,0.0;
1220,0.0;
8686,0.0;
6938,0.0;
5158,0.0;
6063,0.0;
4677,0.0;
4552,0.0;
7521,0.0;
5294,0.0;
8436,0.0;
5463,0.0;
7558,0.0;
3663,0.0;
6790,0.0;
3083,0.0;
4518,0.0;
6449,0.0;
8727,0.0;
3276,0.0;
1371,89478.4;
2587,44739.2;
4405,0.0;
8321,1118480.0;
1233,3444919.466666667;
6930,2281700.0;
2023,0.0;
9598,0.0;
119,0.0;
6068,0.0;
1626,0.0;
4753,0.0;
5553,0.0;
9546,0.0;
6218,0.0;
8260,0.0;
8809,0.0;
9768,0.0;
8265,0.0;
6557,0.0;
8388,0.0;
9405,0.0;
4072,0.0;
224,0.0;
3691,0.0;
4680,0.0;
9400,0.0;
6010,0.0;
806,0.0;
6568,0.0;
7156,0.0;
984,0.0;
6820,0.0;
9654,89478.4;
2045,44739.2;
9528,0.0;
5133,0.0;
131,0.0;
7644,0.0;
1467,0.0;
1873,0.0;
295,0.0;
8519,0.0;
6226,0.0;
2716,0.0;
6746,0.0;
3765,0.0;
3588,0.0;
148,223696.0;
3482,134217.6;
8557,0.0;
6362,0.0;
3532,0.0;
9086,0.0;
7234,0.0;
4064,0.0;
8215,0.0;
9278,0.0;
4764,0.0;
9571,0.0;
5353,0.0;
2261,0.0;
3481,0.0;
2654,0.0;
1138,0.0;
4480,0.0;
8456,178956.8;
5251,313174.4;
2651,0.0;
8693,0.0;
8007,0.0;
3421,0.0;
7738,0.0;
4574,0.0;
5481,0.0;
9998,0.0;
7942,0.0;
4464,0.0;
4679,0.0;
179,0.0;
6823,0.0;
3346,0.0;
4070,0.0;
9468,0.0;
770,0.0;
2631,0.0;
4285,0.0;
9744,0.0;
5839,0.0;
1916,0.0;
9299,0.0;
4547,0.0;
2015,0.0;
1538,0.0;
4171,89478.4;
9117,715827.2;
5892,0.0;
1436,268435.2;
1238,0.0;
4210,0.0;
3731,0.0;
8601,0.0;
2288,0.0;
5245,89478.4;
9573,134217.6;
6234,0.0;
6341,0.0;
9968,89478.4;
7201,44739.2;
2612,0.0;
1449,0.0;
8486,0.0;
544,0.0;
6638,0.0;
4158,0.0;
9255,0.0;
4413,0.0;
34,0.0;
2143,0.0;
3408,0.0;
6325,0.0;
3255,0.0;
3947,0.0;
7672,0.0;
643,0.0;
3318,0.0;
4699,0.0;
3056,0.0;
8223,0.0;
6950,0.0;
8234,134217.6;
2445,575218.2857142857;
8348,268435.2;
1742,0.0;
4144,0.0;
5332,268435.2;
4860,44739.2;
1297,0.0;
2913,0.0;
1992,0.0;
5058,0.0;
7784,0.0;
3560,0.0;
2595,0.0;
8232,0.0;
6745,0.0;
5943,0.0;
8984,0.0;
466,0.0;
4522,0.0;
4267,0.0;
8145,0.0;
3756,0.0;
8264,44739.2;
9221,335544.0;
6769,0.0;
415,0.0;
2091,89478.4;
3650,44739.2;
5696,0.0;
8238,0.0;
734,0.0;
697,89478.4;
1562,44739.2;
7968,0.0;
3692,44739.2;
3953,313174.4;
487,178956.8;
2223,178956.8;
8826,0.0;
6296,0.0;
5262,0.0;
4260,0.0;
4157,0.0;
7850,0.0;
3166,0.0;
5654,134217.6;
631,0.0;
3729,0.0;
6296,0.0;
4339,0.0;
6589,0.0;
9138,0.0;
60,0.0;
8302,0.0;
6809,0.0;
2756,0.0;
8369,0.0;
5666,0.0;
5077,178956.8;
9337,492131.2;
5991,0.0;
8903,0.0;
9500,0.0;
8969,0.0;
9491,0.0;
9495,0.0;
3997,0.0;
3549,0.0;
8251,0.0;
9448,0.0;
7766,0.0;
674,0.0;
6180,0.0;
7814,0.0;
6904,0.0;
1381,0.0;
2871,0.0;
3571,0.0;
8811,0.0;
937,0.0;
220,0.0;
1050,0.0;
529,0.0;
1251,0.0;
6829,0.0;
491,0.0;
6753,0.0;
9356,0.0;
7841,0.0;
4217,134217.6;
1879,0.0;
8905,0.0;
2318,0.0;
8434,0.0;
3183,0.0;
649,0.0;
3732,0.0;
1733,0.0;
8955,0.0;
3459,0.0;
1707,0.0;
3994,0.0;
6294,0.0;
9612,0.0;
4741,0.0;
3565,0.0;
8100,0.0;
6791,0.0;
4336,0.0;
6377,0.0;
7821,0.0;
4519,0.0;
669,44739.2;
7926,89478.4;
3469,0.0;
4599,0.0;
8773,0.0;
7972,223696.0;
9548,134217.6;
3546,0.0;
2021,0.0;
8208,0.0;
6645,0.0;
9952,0.0;
6661,0.0;
5189,0.0;
3659,0.0;
1275,0.0;
7113,402652.8;
4339,760566.4;
6905,0.0;
2638,0.0;
6800,0.0;
6017,0.0;
3664,0.0;
4854,0.0;
3403,0.0;
1276,0.0;
5131,0.0;
159,0.0;
579,0.0;
3244,0.0;
5185,223696.0;
1887,134217.6;
446,134217.6;
9816,0.0;
6900,0.0;
8660,0.0;
2415,0.0;
4786,0.0;
8335,0.0;
4619,44739.2;
4336,89478.4;
7424,0.0;
2727,0.0;
4631,0.0;
1306,0.0;
5064,44739.2;
5970,223696.0;
7491,0.0;
6036,0.0;
9277,0.0;
6001,0.0;
707,0.0;
2150,0.0;
3885,0.0;
4550,0.0;
7627,0.0;
8467,134217.6;
2213,268435.2;
1603,0.0;
1370,0.0;
7949,0.0;
1764,0.0;
6890,0.0;
335,0.0;
9742,0.0;
6789,0.0;
714,0.0;
6880,0.0;
6550,0.0;
3131,0.0;
8535,0.0;
4183,0.0;
2430,0.0;
5128,0.0;
9835,0.0;
6268,0.0;
8026,0.0;
1381,0.0;
2041,0.0;
2722,0.0;
1234,0.0;
4772,0.0;
4505,0.0;
2688,0.0;
1365,0.0;
2196,0.0;
5895,0.0;
2435,0.0;
3955,0.0;
1219,0.0;
747,0.0;
6967,0.0;
1566,0.0;
4089,0.0;
7355,0.0;
8966,0.0;
3143,0.0;
4341,0.0;
9736,0.0;
7666,0.0;
804,0.0;
7633,0.0;
948,0.0;
6212,0.0;
8297,0.0;
6388,0.0;
3700,134217.6;
8471,0.0;
9773,0.0;
7287,0.0;
6903,0.0;
5352,0.0;
1020,0.0;
1770,0.0;
3562,0.0;
6241,0.0;
7858,0.0;
2293,0.0;
6256,0.0;
3361,0.0;
7986,0.0;
1297,0.0;
1331,0.0;
5524,0.0;
3261,0.0;
5580,0.0;
1902,0.0;
3110,0.0;
9127,0.0;
6103,0.0;
2755,0.0;
7866,178956.8;
6703,134217.6;
2112,0.0;
7348,0.0;
9597,0.0;
900,223696.0;
8914,178956.8;
8230,0.0;
6740,0.0;
4864,0.0;
639,0.0;
7412,0.0;
9391,0.0;
7039,0.0;
2887,0.0;
2489,0.0;
1401,0.0;
2160,0.0;
5288,0.0;
7646,0.0;
2862,0.0;
1652,0.0;
691,0.0;
6068,0.0;
5497,0.0;
2013,0.0;
5942,0.0;
1728,0.0;
1253,0.0;
2070,0.0;
9042,268435.2;
4060,44739.2;
8759,0.0;
1237,0.0;
8846,0.0;
8578,0.0;
3188,0.0;
1304,134217.6;
6378,0.0;
167,0.0;
2580,0.0;
3678,0.0;
1401,626348.8;
3471,850044.8;
7656,0.0;
2521,0.0;
3868,0.0;
6556,0.0;
2810,0.0;
1734,0.0;
7572,0.0;
9887,0.0;
3072,0.0;
396,0.0;
2463,0.0;
2520,0.0;
5591,0.0;
6893,0.0;
2870,0.0;
1371,0.0;
4460,0.0;
6745,0.0;
1171,0.0;
7471,0.0;
4539,0.0;
2922,0.0;
344,0.0;
5145,0.0;
3351,0.0;
300,0.0;
4252,0.0;
6248,0.0;
111,134217.6;
7837,178956.8;
1536,0.0;
1749,0.0;
7440,0.0;
3033,0.0;
7541,0.0;
7267,0.0;
4462,0.0;
3290,313174.4;
8837,0.0;
7449,0.0;
9598,0.0;
7889,0.0;
6577,0.0;
6511,0.0;
7621,0.0;
2498,0.0;
8194,0.0;
8687,0.0;
8296,0.0;
5325,0.0;
1747,0.0;
2874,0.0;
3303,0.0;
364,0.0;
3612,0.0;
320,0.0;
4011,0.0;
8532,0.0;
8137,0.0;
2860,0.0;
5181,0.0;
1899,0.0;
7400,0.0;
1904,0.0;
8686,0.0;
9731,0.0;
273,0.0;
5147,0.0;
6930,0.0;
7598,0.0;
2593,0.0;
8798,0.0;
7821,0.0;
2406,0.0;
4475,0.0;
8033,0.0;
1871,0.0;
6896,0.0;
6517,0.0;
7317,0.0;
7253,0.0;
6886,0.0;
3983,0.0;
5254,0.0;
538,0.0;
3329,0.0;
6919,0.0;
5727,313174.4;
9203,268435.2;
9127,0.0;
4587,134217.6;
8201,134217.6;
6978,0.0;
7549,0.0;
4631,0.0;
5303,0.0;
4665,0.0;
5111,268435.2;
923,0.0;
5024,0.0;
7108,0.0;
6808,0.0;
9186,0.0;
8241,0.0;
1693,0.0;
5705,0.0;
6160,0.0;
9654,0.0;
4957,0.0;
2060,0.0;
6360,0.0;
1657,0.0;
1670,0.0;
9407,268435.2;
250,134217.6;
6227,0.0;
5105,0.0;
6301,0.0;
9065,0.0;
9443,0.0;
8120,0.0;
2817,0.0;
4448,0.0;
6937,0.0;
2137,0.0;
286,0.0;
5543,0.0;
6241,0.0;
5145,0.0;
1260,0.0;
2299,0.0;
3810,0.0;
447,0.0;
4257,0.0;
1312,0.0;
277,0.0;
5037,0.0;
4402,0.0;
9776,0.0;
7427,0.0;
190,0.0;
6813,0.0;
3806,0.0;
4332,0.0;
7163,0.0;
4273,0.0;
9780,134217.6;
8073,0.0;
7726,0.0;
4549,0.0;
1150,0.0;
6596,0.0;
2664,0.0;
5571,0.0;
8681,402652.8;
7359,357913.6;
1356,0.0;
8613,0.0;
9021,0.0;
5663,0.0;
2065,0.0;
613,0.0;
5110,0.0;
789,0.0;
5688,0.0;
6787,0.0;
2041,0.0;
6432,0.0;
5343,0.0;
3846,0.0;
3685,0.0;
4297,0.0;
432,0.0;
2261,0.0;
8640,0.0;
6163,0.0;
6542,0.0;
3279,0.0;
8876,0.0;
272,0.0;
1971,0.0;
2694,402652.8;
840,268435.2;
2453,268435.2;
7492,134217.6;
8716,0.0;
6697,0.0;
1046,0.0;
8505,0.0;
5727,0.0;
2912,0.0;
7386,0.0;
7715,0.0;
9197,0.0;
4428,0.0;
392,0.0;
2101,0.0;
9561,0.0;
5329,0.0;
4617,0.0;
73,134217.6;
4504,178956.8;
1052,134217.6;
6013,0.0;
3462,0.0;
9739,0.0;
2990,0.0;
8642,0.0;
4240,134217.6;
8126,0.0;
3613,0.0;
8533,0.0;
7745,0.0;
5768,0.0;
9136,0.0;
8024,134217.6;
2566,268435.2;
1571,0.0;
7182,0.0;
5015,0.0;
2238,0.0;
3710,0.0;
8914,0.0;
6817,0.0;
5402,0.0;
2391,223696.0;
8634,134217.6;
7492,0.0;
9222,0.0;
3374,0.0;
9036,0.0;
962,0.0;
5453,0.0;
827,0.0;
6920,0.0;
9529,0.0;
9837,0.0;
1246,0.0;
2476,0.0;
8897,0.0;
3234,0.0;
2431,0.0;
5045,0.0;
6332,0.0;
7273,0.0;
2783,0.0;
9639,0.0;
8151,0.0;
8203,0.0;
6568,0.0;
1433,0.0;
6388,0.0;
103,0.0;
214,0.0;
9974,0.0;
2176,0.0;
2628,0.0;
3172,0.0;
880,0.0;
5175,0.0;
9086,0.0;
4471,0.0;
449,0.0;
4173,0.0;
7775,0.0;
2635,0.0;
7794,0.0;
3921,0.0;
3251,0.0;
2386,0.0;
9846,0.0;
7169,0.0;
4469,0.0;
6221,0.0;
6910,0.0;
8940,0.0;
3586,0.0;
2793,0.0;
322,0.0;
2110,0.0;
2621,0.0;
6884,0.0;
9182,0.0;
9543,0.0;
5156,0.0;
7654,0.0;
180,0.0;
8215,0.0;
6764,671088.0;
2871,223696.0;
3041,0.0;
5031,0.0;
969,0.0;
6857,0.0;
4292,0.0;
2367,0.0;
7198,223696.0;
8991,134217.6;
3719,0.0;
3786,268435.2;
3399,134217.6;
7809,0.0;
1122,0.0;
6778,0.0;
8785,0.0;
2941,0.0;
5834,0.0;
9961,0.0;
1509,0.0;
3462,1029001.6;
7793,984262.4;
6700,268435.2;
1990,0.0;
6563,0.0;
6932,0.0;
5777,0.0;
5071,0.0;
4898,0.0;
7150,0.0;
2441,0.0;
3221,0.0;
4422,0.0;
2170,134217.6;
9935,0.0;
8616,0.0;
7117,0.0;
3250,0.0;
2427,0.0;
4041,0.0;
4579,0.0;
2860,0.0;
5159,44739.2;
1335,313174.4;
9147,0.0;
4242,0.0;
6596,0.0;
1335,223696.0;
8953,134217.6;
4037,0.0;
363,0.0;
1147,0.0;
2122,0.0;
4066,0.0;
1846,0.0;
2983,0.0;
3146,0.0;
8781,0.0;
5462,0.0;
3749,0.0;
1453,0.0;
6925,0.0;
3832,0.0;
6127,0.0;
8115,0.0;
9456,0.0;
9331,0.0;
9985,0.0;
1725,0.0;
981,0.0;
1841,0.0;
7588,0.0;
8579,0.0;
8584,0.0;
3915,223696.0;
7338,134217.6;
5455,0.0;
202,0.0;
6015,0.0;
8513,0.0;
5540,0.0;
4538,0.0;
9,0.0;
3869,0.0;
9344,0.0;
5825,0.0;
8687,134217.6;
7818,0.0;
2798,0.0;
9759,0.0;
2704,0.0;
5433,0.0;
4159,0.0;
1367,0.0;
4065,0.0;
1500,0.0;
9849,0.0;
1674,0.0;
7012,0.0;
9481,0.0;
6864,0.0;
7640,0.0;
3050,0.0;
7384,0.0;
6046,0.0;
9037,0.0;
6680,0.0;
1267,0.0;
6152,0.0;
6700,0.0;
2424,268435.2;
7379,0.0;
3404,0.0;
8859,0.0;
1696,0.0;
797,0.0;
4999,0.0;
6196,0.0;
178,0.0;
1814,0.0;
7932,0.0;
1650,0.0;
2502,0.0;
1319,0.0;
6373,0.0;
8045,0.0;
1229,0.0;
2921,134217.6;
1882,134217.6;
5146,0.0;
1408,0.0;
2690,0.0;
734,0.0;
7889,0.0;
295,0.0;
7032,0.0;
1786,0.0;
9228,0.0;
4237,0.0;
5430,0.0;
6460,0.0;
4275,0.0;
1171,0.0;
7579,0.0;
9672,0.0;
7233,0.0;
7681,0.0;
3792,0.0;
6823,143804.57142857142;
9012,0.0;
4182,0.0;
3437,0.0;
7341,0.0;
1330,0.0;
401,0.0;
8664,0.0;
9664,0.0;
2631,0.0;
6052,0.0;
9706,581609.6;
6085,335544.0;
2189,0.0;
8366,0.0;
3618,0.0;
8372,0.0;
1421,0.0;
8962,0.0;
496,0.0;
6732,0.0;
5606,0.0;
7439,0.0;
9938,95869.71428571429;
5339,0.0;
4955,0.0;
8041,0.0;
5770,0.0;
7396,0.0;
1304,0.0;
8721,0.0;
8939,0.0;
1482,0.0;
5578,0.0;
9069,0.0;
6845,0.0;
8819,0.0;
1592,0.0;
4660,143804.57142857142;
2400,134217.6;
7998,0.0;
3793,0.0;
618,0.0;
7586,134217.6;
9693,357913.6;
78,0.0;
6434,1386915.2;
4425,0.0;
8965,268435.2;
5976,0.0;
7425,134217.6;
895,134217.6;
6825,313174.4;
3140,89478.4;
5611,0.0;
571,0.0;
5935,0.0;
3394,178956.8;
4222,223696.0;
2547,0.0;
7556,0.0;
9339,0.0;
5601,0.0;
2534,0.0;
8135,0.0;
3946,0.0;
1806,0.0;
6945,0.0;
4295,0.0;
4478,0.0;
900,0.0;
9244,0.0;
4430,0.0;
584,0.0;
9588,0.0;
1873,0.0;
3555,0.0;
2496,0.0;
4643,0.0;
7666,0.0;
5662,0.0;
2855,0.0;
1398,0.0;
1807,0.0;
4384,0.0;
4902,0.0;
7462,536870.4;
9138,134217.6;
8511,0.0;
520,0.0;
3780,0.0;
1861,44739.2;
3562,89478.4;
3926,0.0;
3170,0.0;
9571,0.0;
4501,0.0;
675,0.0;
8559,0.0;
6936,0.0;
7453,0.0;
7107,0.0;
9269,0.0;
4313,0.0;
293,0.0;
2338,0.0;
3922,0.0;
3141,0.0;
2891,0.0;
3489,0.0;
2793,0.0;
1020,0.0;
7890,44739.2;
4943,89478.4;
772,0.0;
1065,0.0;
1991,0.0;
4142,0.0;
4492,0.0;
6339,0.0;
5890,0.0;
9673,0.0;
3624,0.0;
2949,0.0;
8254,0.0;
2183,134217.6;
6874,0.0;
4727,0.0;
5421,0.0;
5101,0.0;
7787,0.0;
8357,0.0;
3862,0.0;
8,0.0;
4098,0.0;
229,0.0;
6888,0.0;
1064,0.0;
7099,0.0;
5395,0.0;
539,0.0;
3924,0.0;
4234,0.0;
4534,0.0;
6172,0.0;
7221,0.0;
8969,0.0;
7054,0.0;
8862,0.0;
8876,0.0;
6901,0.0;
7124,0.0;
1397,0.0;
5249,0.0;
5982,0.0;
4752,0.0;
3406,0.0;
8464,178956.8;
1789,134217.6;
5850,0.0;
3923,0.0;
6108,0.0;
5834,0.0;
3640,0.0;
3604,0.0;
7950,134217.6;
6057,134217.6;
8737,134217.6;
9671,0.0;
6333,0.0;
3839,0.0;
6744,0.0;
2708,0.0;
441,0.0;
1149,0.0;
352,0.0;
9434,0.0;
9790,0.0;
4783,0.0;
7513,0.0;
9724,0.0;
8957,313174.4;
1998,0.0;
8556,0.0;
9295,0.0;
3845,0.0;
3371,0.0;
2845,0.0;
1726,0.0;
9561,0.0;
4152,0.0;
9943,0.0;
4790,0.0;
1390,0.0;
5029,0.0;
1158,0.0;
6400,0.0;
3269,0.0;
6818,0.0;
4809,0.0;
4945,0.0;
2675,0.0;
1320,0.0;
2582,0.0;
7231,134217.6;
6911,313174.4;
2341,0.0;
4960,0.0;
4826,0.0;
3382,134217.6;
6725,178956.8;
835,984262.4;
6198,939523.2;
5661,134217.6;
5105,0.0;
174,0.0;
7723,0.0;
7897,0.0;
6062,0.0;
8855,0.0;
1361,0.0;
2411,0.0;
5397,0.0;
1653,0.0;
617,0.0;
9224,0.0;
4280,0.0;
2770,0.0;
9236,0.0;
1700,0.0;
6210,0.0;
3263,0.0;
9049,0.0;
9471,0.0;
2903,0.0;
1253,0.0;
4320,0.0;
8389,0.0;
3509,0.0;
3911,0.0;
34,0.0;
7382,0.0;
9874,0.0;
9859,0.0;
668,0.0;
3766,134217.6;
2970,0.0;
6851,0.0;
4140,0.0;
1828,0.0;
2060,0.0;
2389,0.0;
2897,0.0;
4300,0.0;
8689,0.0;
4255,0.0;
382,0.0;
2732,0.0;
2170,0.0;
3873,0.0;
6491,0.0;
708,0.0;
1875,0.0;
7870,0.0;
46,0.0;
3344,0.0;
4351,0.0;
2231,0.0;
9809,0.0;
7568,0.0;
38,0.0;
9074,0.0;
8094,0.0;
344,0.0;
5217,0.0;
8177,0.0;
2665,0.0;
6132,0.0;
9674,0.0;
4157,0.0;
3263,0.0;
686,0.0;
9567,0.0;
5455,134217.6;
8859,0.0;
5569,0.0;
7954,0.0;
3140,0.0;
509,0.0;
6653,0.0;
2552,0.0;
5953,0.0;
2563,0.0;
317,0.0;
1433,0.0;
2964,0.0;
1915,0.0;
3052,0.0;
2549,134217.6;
6790,0.0;
917,0.0;
3738,0.0;
2280,0.0;
8360,0.0;
4707,0.0;
3008,0.0;
1497,0.0;
8929,0.0;
7737,0.0;
777,0.0;
5036,0.0;
6221,0.0;
7504,44739.2;
1287,492131.2;
1955,178956.8;
9387,0.0;
5718,0.0;
4819,0.0;
9412,0.0;
1801,0.0;
8430,0.0;
6609,0.0;
2646,0.0;
1627,0.0;
6999,0.0;
6439,0.0;
7133,0.0;
7559,0.0;
1236,0.0;
6883,0.0;
6726,0.0;
1181,0.0;
4490,0.0;
4239,0.0;
3335,0.0;
7964,0.0;
8054,0.0;
3821,223696.0;
9558,134217.6;
6100,0.0;
8833,0.0;
466,0.0;
5527,0.0;
6091,0.0;
9911,0.0;
5862,0.0;
5240,0.0;
4271,0.0;
8388,0.0;
6617,0.0;
5616,0.0;
319,0.0;
8652,0.0;
874,0.0;
3634,178956.8;
2198,89478.4;
2118,0.0;
6707,0.0;
3016,0.0;
1953,0.0;
6387,134217.6;
2544,0.0;
2173,0.0;
2304,0.0;
7761,0.0;
8413,0.0;
9338,0.0;
7099,0.0;
1109,0.0;
6948,0.0;
9194,0.0;
8323,0.0;
176,0.0;
4782,0.0;
7673,0.0;
8597,0.0;
9610,0.0;
8195,0.0;
8047,0.0;
865,0.0;
7231,0.0;
1698,0.0;
1979,0.0;
6348,0.0;
1321,0.0;
4637,0.0;
3754,0.0;
7704,0.0;
3139,0.0;
8801,0.0;
4572,0.0;
6846,0.0;
9224,0.0;
9557,0.0;
6470,0.0;
5881,0.0;
1597,0.0;
4065,805305.6;
2238,0.0;
5233,0.0;
6456,0.0;
2796,0.0;
8490,0.0;
5174,0.0;
3638,0.0;
4712,0.0;
3964,0.0;
5708,0.0;
9740,0.0;
2265,134217.6;
4084,134217.6;
5024,0.0;
7557,0.0;
9672,0.0;
5807,0.0;
8604,223696.0;
3286,89478.4;
6775,0.0;
3900,0.0;
9461,0.0;
809,0.0;
1283,0.0;
895,0.0;
4946,0.0;
9280,0.0;
4146,268435.2;
8197,0.0;
7131,0.0;
6251,0.0;
6414,0.0;
5085,0.0;
1825,0.0;
3598,0.0;
1030,0.0;
5669,0.0;
5974,0.0;
7622,0.0;
9722,0.0;
1267,0.0;
4401,0.0;
7894,0.0;
3394,0.0;
7115,0.0;
4625,0.0;
1627,0.0;
4231,0.0;
7839,0.0;
2850,0.0;
1663,0.0;
9119,0.0;
5714,0.0;
5116,0.0;
6530,134217.6;
6922,0.0;
9348,0.0;
5084,0.0;
445,0.0;
6638,0.0;
8165,0.0;
3946,0.0;
9619,0.0;
9548,0.0;
9812,0.0;
8564,0.0;
8781,0.0;
6086,0.0;
3440,0.0;
1086,0.0;
8436,0.0;
7344,0.0;
1727,0.0;
7015,0.0;
9061,0.0;
1885,0.0;
8424,0.0;
8991,0.0;
3156,0.0;
850,0.0;
6273,0.0;
382,0.0;
9899,0.0;
8219,0.0;
2182,134217.6;
6198,134217.6;
9985,0.0;
8529,0.0;
2713,0.0;
8825,0.0;
163,0.0;
1349,0.0;
3129,0.0;
2561,357913.6;
7984,0.0;
383,134217.6;
7516,0.0;
4100,0.0;
7297,0.0;
5197,0.0;
5842,0.0;
5713,0.0;
4171,0.0;
5249,0.0;
6180,0.0;
4116,0.0;
1062,0.0;
9164,134217.6;
6792,0.0;
814,0.0;
4312,0.0;
6996,0.0;
3301,0.0;
9014,0.0;
6340,134217.6;
9615,0.0;
731,0.0;
8162,0.0;
9266,0.0;
7283,0.0;
8857,0.0;
9577,0.0;
1120,0.0;
8977,0.0;
2011,0.0;
5729,0.0;
9275,0.0;
5111,0.0;
1244,0.0;
1285,0.0;
8308,0.0;
8901,0.0;
7590,0.0;
6199,0.0;
1075,0.0;
5832,0.0;
62,0.0;
9857,0.0;
2492,0.0;
6427,0.0;
967,0.0;
577,0.0;
5222,0.0;
4830,0.0;
4147,0.0;
6570,0.0;
5291,0.0;
4603,0.0;
8824,0.0;
2940,0.0;
3500,0.0;
3563,0.0;
2884,0.0;
4202,0.0;
5429,357913.6;
1500,313174.4;
4625,0.0;
3396,0.0;
8816,0.0;
8165,0.0;
1277,0.0;
6907,0.0;
2156,0.0;
4067,0.0;
5919,0.0;
8827,0.0;
2436,0.0;
3289,0.0;
1811,89478.4;
9841,44739.2;
3157,0.0;
5778,0.0;
4629,0.0;
3481,0.0;
5969,0.0;
6414,0.0;
8592,0.0;
6862,0.0;
583,0.0;
9501,89478.4;
2057,44739.2;
3989,0.0;
7976,0.0;
278,0.0;
1797,0.0;
7134,0.0;
1324,0.0;
9560,0.0;
2889,0.0;
5874,0.0;
7578,0.0;
3662,0.0;
2909,0.0;
3928,0.0;
175,0.0;
9408,0.0;
4933,0.0;
1117,313174.4;
9951,44739.2;
3199,0.0;
3782,0.0;
1480,0.0;
7016,0.0;
3874,0.0;
3867,0.0;
8867,0.0;
1099,0.0;
1416,0.0;
5015,0.0;
8184,0.0;
1636,0.0;
7420,0.0;
4753,0.0;
3843,0.0;
1773,0.0;
8697,0.0;
1654,0.0;
6980,0.0;
2348,0.0;
2364,0.0;
4555,0.0;
9514,0.0;
2930,0.0;
9370,0.0;
6733,0.0;
6217,0.0;
7014,0.0;
3499,0.0;
2447,134217.6;
5627,0.0;
7611,0.0;
4603,134217.6;
5654,0.0;
6857,0.0;
7619,0.0;
8068,0.0;
7149,0.0;
2142,0.0;
6619,0.0;
7313,0.0;
6921,0.0;
4293,0.0;
2025,0.0;
2530,0.0;
3058,0.0;
4157,0.0;
7884,0.0;
6778,0.0;
7229,0.0;
5639,0.0;
9043,402652.8;
71,0.0;
9423,0.0;
4883,0.0;
1893,0.0;
3155,0.0;
1425,0.0;
5792,0.0;
5441,0.0;
5295,0.0;
9338,0.0;
6249,0.0;
8072,0.0;
4586,0.0;
333,0.0;
8091,0.0;
6046,0.0;
5049,0.0;
7789,0.0;
9200,0.0;
9502,0.0;
2100,0.0;
1975,0.0;
7898,0.0;
545,0.0;
6827,0.0;
536,0.0;
8260,0.0;
5848,0.0;
1,0.0;
4167,0.0;
9913,0.0;
3137,0.0;
8688,178956.8;
8064,89478.4;
7433,0.0;
6891,0.0;
1939,0.0;
9025,0.0;
2550,0.0;
3664,0.0;
7149,0.0;
1383,0.0;
7009,0.0;
1535,0.0;
5352,0.0;
2368,0.0;
5192,0.0;
1347,0.0;
1989,0.0;
8921,0.0;
3346,0.0;
9686,0.0;
9490,0.0;
3538,0.0;
6645,0.0;
4770,0.0;
9400,0.0;
6268,0.0;
6201,0.0;
6873,0.0;
4694,134217.6;
3643,0.0;
5613,0.0;
4238,44739.2;
7458,89478.4;
3042,0.0;
680,0.0;
4003,0.0;
3155,0.0;
2722,0.0;
6507,0.0;
5146,0.0;
331,0.0;
3614,0.0;
3367,0.0;
7121,0.0;
3813,0.0;
8851,0.0;
6426,0.0;
3484,0.0;
178,0.0;
967,0.0;
4721,0.0;
4578,671088.0;
6623,134217.6;
4699,0.0;
1605,0.0;
7127,0.0;
8200,268435.2;
5444,134217.6;
2300,0.0;
1464,0.0;
3866,0.0;
9523,0.0;
4174,581609.6;
9020,0.0;
8759,134217.6;
2633,0.0;
1872,0.0;
3714,0.0;
8701,0.0;
7136,268435.2;
2535,0.0;
914,0.0;
3040,0.0;
7154,0.0;
6013,0.0;
6751,0.0;
3658,0.0;
2834,0.0;
1177,0.0;
8765,0.0;
1177,0.0;
1612,0.0;
2229,134217.6;
6055,134217.6;
4271,0.0;
4805,0.0;
8258,0.0;
3451,134217.6;
4309,0.0;
2461,0.0;
5194,0.0;
9549,0.0;
5537,0.0;
8018,0.0;
1769,0.0;
2912,0.0;
492,0.0;
7045,0.0;
170,0.0;
4171,0.0;
1397,0.0;
1101,0.0;
7596,0.0;
4378,0.0;
929,0.0;
8570,0.0;
7171,357913.6;
1520,0.0;
9942,0.0;
9228,0.0;
5306,143804.57142857142;
7788,357913.6;
5451,0.0;
8269,0.0;
7952,0.0;
9969,268435.2;
9541,223696.0;
8498,268435.2;
9982,0.0;
4054,0.0;
8704,0.0;
6516,0.0;
388,0.0;
3110,0.0;
3567,0.0;
9844,0.0;
915,0.0;
4290,0.0;
974,0.0;
7142,0.0;
7314,0.0;
6927,0.0;
3938,0.0;
2952,0.0;
478,0.0;
8646,0.0;
118,0.0;
1716,0.0;
9390,0.0;
573,0.0;
6164,0.0;
3220,0.0;
9015,0.0;
5880,0.0;
3518,0.0;
3056,0.0;
4084,0.0;
8142,0.0;
1081,0.0;
7248,0.0;
4038,0.0;
7292,0.0;
1525,0.0;
9706,0.0;
5306,0.0;
1303,0.0;
984,0.0;
4882,268435.2;
4586,0.0;
1164,0.0;
6332,0.0;
5660,0.0;
803,0.0;
5201,0.0;
352,0.0;
8300,0.0;
4036,0.0;
6334,0.0;
2712,0.0;
2080,0.0;
6852,0.0;
2488,0.0;
3843,0.0;
1173,0.0;
7204,0.0;
6033,0.0;
9586,0.0;
261,0.0;
2347,0.0;
2875,0.0;
6783,0.0;
3384,0.0;
54,0.0;
5623,0.0;
3848,0.0;
7619,0.0;
6834,0.0;
8092,0.0;
5821,0.0;
9334,0.0;
2826,0.0;
371,0.0;
394,0.0;
934,0.0;
9566,0.0;
4627,0.0;
9950,0.0;
325,0.0;
9921,0.0;
1886,0.0;
4819,0.0;
3625,0.0;
9162,0.0;
9146,0.0;
4602,0.0;
4041,0.0;
2339,0.0;
4347,0.0;
7703,0.0;
6316,0.0;
5921,0.0;
3948,268435.2;
3995,268435.2;
6628,0.0;
1016,0.0;
4176,0.0;
1944,0.0;
2434,0.0;
1373,0.0;
2370,0.0;
9438,0.0;
5381,0.0;
1861,0.0;
9260,939523.2;
7084,1252697.6;
3110,0.0;
2137,268435.2;
6504,0.0;
3788,0.0;
2552,0.0;
5823,0.0;
6382,0.0;
7069,0.0;
8142,0.0;
7654,0.0;
2110,0.0;
4749,0.0;
3275,0.0;
9806,0.0;
7969,0.0;
391,0.0;
2267,0.0;
3861,0.0;
8118,0.0;
2217,0.0;
3130,134217.6;
6750,0.0;
1814,0.0;
4054,0.0;
8513,0.0;
7387,0.0;
593,0.0;
7357,0.0;
3344,0.0;
5704,0.0;
9884,268435.2;
5312,134217.6;
2876,0.0;
7327,0.0;
3551,0.0;
3614,0.0;
4137,0.0;
5203,0.0;
4859,0.0;
7630,0.0;
7090,0.0;
4185,0.0;
1506,0.0;
2352,0.0;
9227,134217.6;
5778,0.0;
5531,0.0;
9796,0.0;
8744,0.0;
8029,0.0;
1126,0.0;
8312,0.0;
6998,0.0;
9913,0.0;
4701,0.0;
9652,0.0;
499,0.0;
452,0.0;
1898,0.0;
2590,0.0;
6337,0.0;
277,0.0;
5689,0.0;
6368,0.0;
2673,0.0;
7401,0.0;
8156,0.0;
3331,0.0;
7649,0.0;
9532,0.0;
6121,0.0;
7724,0.0;
5945,134217.6;
2437,0.0;
7394,0.0;
6825,0.0;
2065,0.0;
7573,0.0;
91,0.0;
1326,0.0;
3432,0.0;
2509,0.0;
2199,134217.6;
4209,492131.2;
4335,0.0;
4475,0.0;
2360,0.0;
1215,0.0;
3910,0.0;
804,0.0;
5737,0.0;
1471,0.0;
7431,0.0;
10,0.0;
704,0.0;
3815,536870.4;
423,134217.6;
3746,0.0;
3132,0.0;
2948,0.0;
9357,0.0;
3026,0.0;
5056,0.0;
9650,0.0;
1042,0.0;
1712,0.0;
3648,0.0;
1004,0.0;
5177,0.0;
6516,0.0;
4571,0.0;
9795,0.0;
1043,0.0;
5538,0.0;
1046,0.0;
7109,0.0;
9769,0.0;
6705,0.0;
6247,0.0;
8491,357913.6;
8238,0.0;
3390,0.0;
2003,0.0;
1985,0.0;
9309,0.0;
6965,0.0;
1230,0.0;
5879,0.0;
5744,0.0;
5054,0.0;
4964,0.0;
5032,0.0;
2008,0.0;
9882,0.0;
7449,0.0;
7295,0.0;
8926,0.0;
3236,0.0;
4334,0.0;
5728,0.0;
1081,0.0;
3303,0.0;
9697,0.0;
8066,0.0;
5785,223696.0;
3928,268435.2;
7368,0.0;
2189,0.0;
5487,0.0;
8662,0.0;
804,0.0;
5262,0.0;
2541,0.0;
413,0.0;
3652,0.0;
4595,0.0;
6425,0.0;
2435,0.0;
28,0.0;
345,0.0;
8678,0.0;
7986,0.0;
9564,0.0;
3672,0.0;
113,0.0;
4016,0.0;
7296,0.0;
9156,0.0;
8194,0.0;
8954,0.0;
2585,0.0;
6922,0.0;
9831,0.0;
5858,268435.2;
4439,134217.6;
8193,0.0;
6334,0.0;
9985,0.0;
2852,0.0;
7809,0.0;
2769,357913.6;
4178,1789568.0;
7036,0.0;
8618,0.0;
3540,0.0;
6383,0.0;
1837,0.0;
5580,0.0;
9662,0.0;
1065,0.0;
3011,0.0;
1947,0.0;
902,0.0;
353,0.0;
524,0.0;
5924,0.0;
7729,0.0;
1297,0.0;
6621,0.0;
3856,0.0;
3840,0.0;
2830,0.0;
1977,0.0;
5171,0.0;
9927,0.0;
9697,0.0;
8951,0.0;
5064,0.0;
3302,0.0;
941,0.0;
5680,0.0;
3214,0.0;
6022,0.0;
7345,0.0;
8564,0.0;
720,0.0;
6215,0.0;
5667,0.0;
3531,0.0;
2855,0.0;
3489,0.0;
7459,0.0;
8433,0.0;
2261,0.0;
9457,0.0;
6785,0.0;
9865,0.0;
5773,0.0;
8744,0.0;
4285,0.0;
7787,0.0;
8162,0.0;
4103,0.0;
4645,0.0;
410,134217.6;
7806,0.0;
1723,0.0;
790,0.0;
7,0.0;
2542,0.0;
9213,0.0;
871,0.0;
7527,0.0;
8741,0.0;
9310,134217.6;
3499,0.0;
196,0.0;
3070,0.0;
6902,0.0;
2538,0.0;
1651,0.0;
4310,0.0;
5621,0.0;
5291,0.0;
8575,0.0;
2101,313174.4;
2965,0.0;
6910,0.0;
1291,0.0;
587,0.0;
9658,134217.6;
9467,0.0;
8314,0.0;
7501,0.0;
9814,0.0;
6298,0.0;
6480,0.0;
3482,0.0;
3336,0.0;
918,0.0;
8944,0.0;
2112,0.0;
968,0.0;
5121,0.0;
3062,0.0;
8525,0.0;
5391,0.0;
2712,89478.4;
8992,313174.4;
3278,0.0;
8884,0.0;
3719,0.0;
7693,0.0;
8634,0.0;
9178,0.0;
8919,0.0;
3941,0.0;
6405,0.0;
351,0.0;
6022,0.0;
5939,0.0;
67,0.0;
4869,0.0;
6994,0.0;
8189,0.0;
8982,0.0;
6235,0.0;
603,0.0;
8361,0.0;
9256,0.0;
9052,0.0;
5541,0.0;
2103,0.0;
4017,134217.6;
4819,0.0;
7228,0.0;
1955,0.0;
5702,0.0;
7247,0.0;
5772,178956.8;
7823,89478.4;
4327,0.0;
493,0.0;
3439,0.0;
6852,0.0;
8648,0.0;
7341,0.0;
7491,0.0;
9940,0.0;
1633,0.0;
2061,0.0;
8259,0.0;
635,0.0;
7711,0.0;
4454,0.0;
2915,0.0;
9687,0.0;
6908,0.0;
7414,0.0;
2587,0.0;
5177,0.0;
170,0.0;
236,0.0;
4153,0.0;
3763,0.0;
906,0.0;
3839,0.0;
8349,268435.2;
3373,2058003.2;
116,492131.2;
2120,44739.2;
2674,223696.0;
1442,0.0;
6344,0.0;
5702,0.0;
974,0.0;
5651,0.0;
7136,0.0;
511,0.0;
1564,0.0;
6082,0.0;
5659,0.0;
3787,0.0;
2275,0.0;
8639,0.0;
4760,0.0;
4450,0.0;
3915,0.0;
9678,0.0;
796,268435.2;
3024,134217.6;
3291,0.0;
882,0.0;
1331,0.0;
8740,0.0;
3148,0.0;
1583,0.0;
3974,0.0;
7892,0.0;
9180,0.0;
2987,492131.2;
8521,357913.6;
8042,0.0;
3604,0.0;
5043,0.0;
869,0.0;
7221,0.0;
704,0.0;
2070,0.0;
5171,178956.8;
5966,492131.2;
2209,44739.2;
7662,89478.4;
161,0.0;
2683,134217.6;
9415,0.0;
2904,0.0;
6658,0.0;
9644,0.0;
4553,0.0;
4446,0.0;
5897,0.0;
7711,0.0;
6069,0.0;
637,0.0;
2487,0.0;
2809,0.0;
1179,0.0;
4543,0.0;
1606,0.0;
6105,0.0;
4381,268435.2;
2468,0.0;
7291,0.0;
2871,0.0;
2425,0.0;
5329,0.0;
7615,0.0;
2092,0.0;
4656,0.0;
8169,0.0;
2949,0.0;
22,0.0;
2626,0.0;
9955,0.0;
5514,0.0;
6092,0.0;
4387,0.0;
1825,0.0;
2009,0.0;
8850,0.0;
6995,0.0;
7005,0.0;
6209,0.0;
2938,0.0;
5384,0.0;
9685,0.0;
5114,0.0;
5493,0.0;
7019,0.0;
3384,0.0;
518,0.0;
1837,0.0;
9504,0.0;
1496,0.0;
7621,0.0;
5824,0.0;
2667,0.0;
4074,0.0;
3746,0.0;
9788,0.0;
7555,0.0;
5219,0.0;
3117,0.0;
2690,0.0;
2251,0.0;
4898,0.0;
8185,0.0;
2758,0.0;
8439,0.0;
7491,0.0;
4026,0.0;
2694,0.0;
3252,0.0;
6907,0.0;
9997,0.0;
1335,0.0;
8108,0.0;
4730,0.0;
1989,0.0;
5553,0.0;
9923,0.0;
3541,313174.4;
9400,0.0;
152,0.0;
409,0.0;
2258,0.0;
3232,0.0;
1509,0.0;
6006,0.0;
4191,0.0;
5634,0.0;
2805,0.0;
4372,0.0;
1327,0.0;
6606,0.0;
4832,0.0;
3375,0.0;
289,0.0;
626,0.0;
6554,0.0;
5028,134217.6;
6436,0.0;
4491,0.0;
3899,0.0;
9917,0.0;
2563,0.0;
7812,0.0;
3539,0.0;
7325,0.0;
7814,0.0;
9275,0.0;
868,0.0;
2490,0.0;
591,0.0;
5059,0.0;
7787,0.0;
5196,0.0;
6448,0.0;
580,0.0;
6457,0.0;
3259,0.0;
8292,0.0;
3135,0.0;
9760,0.0;
372,0.0;
1561,0.0;
954,0.0;
7823,0.0;
245,0.0;
1468,0.0;
3660,0.0;
2702,0.0;
7999,0.0;
2893,0.0;
208,0.0;
64,0.0;
5399,0.0;
6053,0.0;
3005,0.0;
7544,0.0;
8622,402652.8;
2690,805305.6;
1099,0.0;
4347,313174.4;
6023,44739.2;
8188,0.0;
1064,0.0;
5625,0.0;
8622,0.0;
4775,0.0;
1557,0.0;
8159,0.0;
7864,134217.6;
9755,0.0;
6353,0.0;
984,0.0;
3668,0.0;
582,0.0;
1146,0.0;
5705,0.0;
685,0.0;
5511,0.0;
1383,0.0;
6489,0.0;
2256,0.0;
4544,0.0;
1958,0.0;
8954,0.0;
9662,0.0;
446,0.0;
4750,0.0;
546,0.0;
8894,0.0;
3706,0.0;
6632,0.0;
2334,0.0;
8394,0.0;
8502,223696.0;
8883,134217.6;
3665,0.0;
9029,0.0;
8959,0.0;
8697,0.0;
6596,0.0;
1868,0.0;
6288,268435.2;
4907,44739.2;
6623,0.0;
263,0.0;
7766,0.0;
2937,0.0;
9851,0.0;
202,0.0;
7918,134217.6;
8549,0.0;
4491,0.0;
6934,0.0;
773,0.0;
5956,0.0;
6276,0.0;
6460,0.0;
9605,0.0;
3553,0.0;
3285,0.0;
7640,0.0;
7174,0.0;
9670,0.0;
5515,0.0;
4397,0.0;
5160,0.0;
1530,0.0;
8491,0.0;
7768,0.0;
6235,0.0;
2884,0.0;
8274,0.0;
4417,0.0;
5994,0.0;
9699,0.0;
7226,0.0;
1602,0.0;
4834,0.0;
8682,0.0;
6116,0.0;
8598,0.0;
1802,0.0;
466,0.0;
8295,0.0;
1079,0.0;
3418,0.0;
7804,0.0;
5965,0.0;
8074,0.0;
513,0.0;
9279,0.0;
6898,0.0;
766,0.0;
5254,0.0;
714,0.0;
2330,0.0;
8619,0.0;
8684,0.0;
9705,0.0;
3247,0.0;
1121,0.0;
6358,0.0;
3552,0.0;
2755,0.0;
2736,0.0;
5935,0.0;
7184,0.0;
6849,0.0;
4621,0.0;
5977,0.0;
5672,0.0;
4501,0.0;
9083,178956.8;
9581,223696.0;
5390,0.0;
717,0.0;
1815,0.0;
23,0.0;
8947,0.0;
2971,0.0;
2547,0.0;
8078,0.0;
1664,0.0;
2256,0.0;
6875,0.0;
2327,0.0;
1548,0.0;
4881,0.0;
796,0.0;
4434,0.0;
441,0.0;
102,0.0;
4723,0.0;
1098,0.0;
1394,0.0;
1693,0.0;
5619,0.0;
3196,0.0;
6133,0.0;
8645,0.0;
4296,0.0;
484,0.0;
6958,0.0;
1308,0.0;
9883,0.0;
7163,402652.8;
9413,0.0;
4523,0.0;
5022,0.0;
9590,0.0;
5626,0.0;
8535,0.0;
3421,0.0;
2452,89478.4;
3334,223696.0;
1817,134217.6;
6076,0.0;
3871,0.0;
2323,0.0;
7336,0.0;
3675,0.0;
3042,0.0;
8240,0.0;
5224,0.0;
491,134217.6;
6251,0.0;
3567,0.0;
365,0.0;
9416,0.0;
8449,0.0;
6906,223696.0;
2961,357913.6;
8690,0.0;
7869,536870.4;
4682,1390110.857142857;
3800,0.0;
8356,0.0;
642,0.0;
3859,402652.8;
3653,268435.2;
8507,0.0;
830,0.0;
338,0.0;
7978,0.0;
1973,0.0;
8844,0.0;
5322,0.0;
3968,0.0;
1275,0.0;
7843,0.0;
1133,0.0;
6841,0.0;
3375,0.0;
3355,0.0;
8721,0.0;
6253,178956.8;
6044,143804.57142857142;
6133,0.0;
1394,143804.57142857142;
1706,357913.6;
6518,0.0;
2020,0.0;
3215,0.0;
7935,0.0;
6505,0.0;
5498,0.0;
5911,0.0;
7359,0.0;
7601,0.0;
5479,0.0;
5177,0.0;
6936,0.0;
7683,0.0;
2915,0.0;
5787,0.0;
982,0.0;
1955,0.0;
9837,0.0;
5086,0.0;
9870,0.0;
1980,0.0;
8550,0.0;
6098,0.0;
6927,0.0;
2250,0.0;
7876,0.0;
4759,0.0;
2265,223696.0;
6628,89478.4;
585,0.0;
572,0.0;
2840,0.0;
6341,0.0;
2450,134217.6;
6393,0.0;
2589,0.0;
7126,0.0;
8716,0.0;
964,0.0;
5141,0.0;
5566,0.0;
8199,134217.6;
7331,0.0;
4316,0.0;
3734,0.0;
8732,0.0;
1338,0.0;
4372,0.0;
6822,0.0;
199,0.0;
7027,0.0;
2807,0.0;
594,0.0;
3030,0.0;
9943,0.0;
3418,0.0;
4250,0.0;
697,0.0;
5131,0.0;
6250,0.0;
9539,0.0;
4476,0.0;
3877,0.0;
4116,0.0;
8819,0.0;
7564,0.0;
2163,0.0;
2429,0.0;
3176,0.0;
3473,0.0;
4241,0.0;
240,0.0;
6665,0.0;
577,0.0;
6694,0.0;
5570,0.0;
4300,0.0;
633,0.0;
1978,0.0;
7402,0.0;
9479,0.0;
4198,0.0;
5506,0.0;
30,0.0;
1219,0.0;
9928,0.0;
7077,0.0;
2841,0.0;
2780,0.0;
7947,0.0;
5656,0.0;
78,0.0;
1048,223696.0;
9705,134217.6;
6366,0.0;
637,0.0;
383,0.0;
8028,0.0;
9905,0.0;
7537,0.0;
5559,0.0;
1452,0.0;
7556,0.0;
342,0.0;
5887,0.0;
6327,0.0;
9442,223696.0;
1529,134217.6;
6640,134217.6;
8688,0.0;
9763,0.0;
9537,0.0;
4507,0.0;
5420,0.0;
363,0.0;
7101,0.0;
950,0.0;
871,0.0;
3175,0.0;
3330,0.0;
1064,0.0;
725,0.0;
2838,0.0;
1972,0.0;
5825,0.0;
9700,0.0;
3086,0.0;
6300,0.0;
2450,0.0;
3423,0.0;
4421,0.0;
3167,0.0;
1013,0.0;
7694,0.0;
5965,0.0;
4884,0.0;
5406,0.0;
292,0.0;
1443,0.0;
7798,0.0;
3313,0.0;
1434,0.0;
7780,0.0;
734,0.0;
2908,89478.4;
9078,44739.2;
4931,0.0;
4741,0.0;
3679,447392.0;
4348,447392.0;
7258,223696.0;
8040,268435.2;
5005,0.0;
541,0.0;
8,0.0;
6476,0.0;
8860,0.0;
6423,0.0;
9278,0.0;
321,0.0;
2414,89478.4;
801,44739.2;
206,0.0;
2845,0.0;
2157,0.0;
730,0.0;
6097,0.0;
4712,0.0;
3695,0.0;
136,0.0;
653,0.0;
981,0.0;
350,0.0;
9133,0.0;
6599,0.0;
4230,0.0;
9334,0.0;
6832,0.0;
6559,0.0;
8176,0.0;
6390,0.0;
2085,0.0;
6270,1879046.4;
1049,984262.4;
8547,0.0;
7256,0.0;
5969,0.0;
6929,0.0;
9893,0.0;
9871,0.0;
3079,0.0;
6275,0.0;
7122,0.0;
5756,0.0;
8215,0.0;
3956,0.0;
39,0.0;
5200,0.0;
6983,0.0;
4241,0.0;
7133,357913.6;
528,0.0;
2007,0.0;
7395,134217.6;
7926,0.0;
9517,134217.6;
3229,0.0;
1819,1610611.2;
1829,2550135.2;
4098,134217.6;
9623,0.0;
8979,0.0;
7958,0.0;
7922,0.0;
2162,0.0;
5771,0.0;
1536,0.0;
9525,0.0;
6138,0.0;
434,0.0;
329,0.0;
76,0.0;
732,0.0;
3624,0.0;
8873,0.0;
5982,0.0;
5129,0.0;
5850,0.0;
9187,0.0;
6988,0.0;
3389,0.0;
6111,0.0;
4123,0.0;
9839,0.0;
4811,0.0;
4295,0.0;
3536,0.0;
6046,0.0;
2571,0.0;
1642,0.0;
4063,0.0;
9867,0.0;
1050,0.0;
9422,0.0;
449,0.0;
9191,0.0;
1471,0.0;
5862,0.0;
80,0.0;
7727,0.0;
6184,0.0;
5329,0.0;
2669,0.0;
1612,0.0;
4287,0.0;
1756,0.0;
3891,0.0;
7345,0.0;
5122,0.0;
430,0.0;
5157,0.0;
845,0.0;
1642,0.0;
8346,0.0;
1696,0.0;
9322,492131.2;
2638,0.0;
3594,0.0;
7668,0.0;
8656,0.0;
1375,0.0;
8465,0.0;
68,0.0;
9017,0.0;
8331,0.0;
9315,0.0;
2921,0.0;
592,0.0;
7398,0.0;
8630,0.0;
9414,0.0;
9416,0.0;
8178,0.0;
1157,0.0;
2433,0.0;
590,0.0;
1808,0.0;
6512,0.0;
3325,0.0;
2439,0.0;
4131,0.0;
5251,0.0;
4580,0.0;
514,0.0;
7963,0.0;
4013,0.0;
4629,0.0;
4812,0.0;
5714,0.0;
8085,0.0;
1976,0.0;
7011,0.0;
4696,0.0;
6463,0.0;
1474,0.0;
7129,89478.4;
41,447392.0;
5357,0.0;
7718,0.0;
571,0.0;
4390,0.0;
941,0.0;
9257,0.0;
7251,0.0;
9229,0.0;
1138,0.0;
2579,44739.2;
4168,313174.4;
79,0.0;
9223,0.0;
6722,0.0;
1658,0.0;
6625,1252697.6;
9115,134217.6;
7713,0.0;
1361,268435.2;
9295,0.0;
3379,0.0;
7050,0.0;
905,0.0;
5819,0.0;
157,0.0;
9956,0.0;
6259,0.0;
4848,0.0;
4506,178956.8;
7247,178956.8;
7799,0.0;
8857,0.0;
2977,0.0;
9272,0.0;
196,0.0;
5221,0.0;
7626,0.0;
1676,0.0;
9441,0.0;
2631,0.0;
7140,0.0;
432,0.0;
2544,0.0;
9806,0.0;
8243,0.0;
8025,0.0;
6756,0.0;
4867,0.0;
168,134217.6;
3489,0.0;
5501,0.0;
6637,0.0;
8571,0.0;
6554,0.0;
7656,0.0;
3671,89478.4;
3021,178956.8;
119,402652.8;
5278,268435.2;
2856,44739.2;
3940,313174.4;
5924,0.0;
2455,0.0;
7071,0.0;
685,0.0;
5402,447392.0;
4534,89478.4;
570,0.0;
2396,0.0;
1446,0.0;
2682,0.0;
1503,0.0;
7145,0.0;
7107,0.0;
3465,0.0;
3324,0.0;
2981,0.0;
4050,0.0;
6913,0.0;
685,0.0;
6493,0.0;
7062,0.0;
9422,0.0;
868,0.0;
730,0.0;
812,0.0;
9763,0.0;
8826,0.0;
4429,0.0;
1662,0.0;
7434,0.0;
2417,0.0;
8870,268435.2;
351,134217.6;
2670,0.0;
4615,0.0;
6914,0.0;
1109,0.0;
6527,0.0;
1101,0.0;
1240,0.0;
8914,0.0;
7599,0.0;
4934,0.0;
5229,0.0;
9429,0.0;
9228,0.0;
4805,0.0;
433,0.0;
5480,0.0;
7299,0.0;
9740,0.0;
9209,0.0;
9857,0.0;
4117,0.0;
1083,0.0;
9675,0.0;
6686,178956.8;
8261,223696.0;
2064,0.0;
2894,0.0;
2646,0.0;
3827,0.0;
6350,0.0;
8945,0.0;
4916,0.0;
4978,0.0;
9571,0.0;
9364,0.0;
4882,0.0;
3372,0.0;
2044,0.0;
8344,0.0;
5357,0.0;
6681,0.0;
6622,0.0;
4022,0.0;
4362,0.0;
6177,0.0;
2956,0.0;
4220,0.0;
345,0.0;
140,0.0;
8294,0.0;
8062,0.0;
2123,0.0;
7704,0.0;
5418,134217.6;
6056,134217.6;
1834,0.0;
4705,0.0;
289,0.0;
6408,268435.2;
668,0.0;
9049,0.0;
5555,0.0;
4637,0.0;
5290,0.0;
8186,0.0;
1195,0.0;
6855,0.0;
7489,0.0;
5395,0.0;
276,0.0;
4490,0.0;
842,0.0;
4724,0.0;
6020,0.0;
9687,0.0;
5930,0.0;
6711,0.0;
6230,0.0;
6116,0.0;
11,0.0;
8278,0.0;
2474,0.0;
9527,0.0;
7975,0.0;
561,0.0;
4385,581609.6;
6017,313174.4;
8825,89478.4;
7867,0.0;
3915,0.0;
3671,0.0;
6034,0.0;
9430,0.0;
464,0.0;
5031,134217.6;
657,0.0;
3191,0.0;
5430,0.0;
3663,0.0;
3282,0.0;
7430,0.0;
3901,0.0;
7970,0.0;
4595,0.0;
1771,0.0;
1978,0.0;
9386,0.0;
4639,0.0;
3783,0.0;
529,0.0;
83,0.0;
7670,0.0;
1242,0.0;
43,0.0;
7399,0.0;
2949,0.0;
2948,0.0;
6698,0.0;
8351,0.0;
1753,0.0;
2919,402652.8;
6760,0.0;
7802,0.0;
7434,0.0;
3795,0.0;
5001,0.0;
8103,0.0;
8458,0.0;
5291,0.0;
2927,0.0;
6375,0.0;
3991,0.0;
2694,0.0;
4326,0.0;
7992,0.0;
7854,0.0;
8549,0.0;
8882,0.0;
1254,0.0;
9406,0.0;
7901,0.0;
9411,0.0;
8807,0.0;
9318,0.0;
3806,0.0;
4669,0.0;
5888,0.0;
4047,0.0;
5133,0.0;
7605,0.0;
4156,0.0;
5342,0.0;
3128,0.0;
8441,0.0;
2566,0.0;
116,0.0;
6714,0.0;
3031,0.0;
3503,357913.6;
1620,0.0;
9004,492131.2;
9558,0.0;
3229,134217.6;
5028,0.0;
9166,0.0;
847,0.0;
588,0.0;
9233,0.0;
4408,178956.8;
5302,178956.8;
6865,0.0;
1979,0.0;
6632,0.0;
6790,0.0;
2727,0.0;
7249,0.0;
7059,0.0;
2686,0.0;
5221,0.0;
2286,0.0;
23,0.0;
9718,0.0;
9001,0.0;
6563,0.0;
4040,0.0;
9267,0.0;
1093,0.0;
6558,0.0;
4252,0.0;
7322,0.0;
7841,0.0;
8299,0.0;
5381,0.0;
9439,0.0;
5959,0.0;
4279,0.0;
8461,0.0;
7725,0.0;
7023,0.0;
2587,0.0;
7764,0.0;
5132,0.0;
6209,0.0;
3861,0.0;
6605,0.0;
2148,0.0;
1568,0.0;
6037,0.0;
1966,0.0;
2368,0.0;
9730,0.0;
7750,0.0;
8288,0.0;
6343,0.0;
7575,0.0;
8742,0.0;
173,0.0;
7625,0.0;
7098,0.0;
9646,0.0;
2223,0.0;
993,0.0;
2471,0.0;
4111,0.0;
1816,0.0;
444,268435.2;
4145,134217.6;
3411,0.0;
7210,0.0;
3768,0.0;
4704,0.0;
7367,0.0;
9037,0.0;
1230,0.0;
5158,0.0;
5736,0.0;
8009,0.0;
8233,0.0;
8380,0.0;
1025,0.0;
5432,223696.0;
5695,134217.6;
8453,0.0;
7135,0.0;
5990,0.0;
7310,0.0;
853,0.0;
8174,0.0;
4207,0.0;
9883,0.0;
8602,0.0;
8341,0.0;
6943,0.0;
1475,0.0;
3769,0.0;
6870,0.0;
4368,0.0;
2225,0.0;
2057,0.0;
1662,0.0;
936,0.0;
4410,0.0;
586,0.0;
1486,223696.0;
6086,44739.2;
1566,0.0;
5437,0.0;
9389,0.0;
1598,760566.4;
1271,492131.2;
6065,44739.2;
9310,0.0;
8869,0.0;
2618,0.0;
8226,0.0;
3801,0.0;
4707,134217.6;
7302,0.0;
5748,0.0;
3230,0.0;
8670,134217.6;
2773,0.0;
4153,0.0;
5860,0.0;
8480,0.0;
6964,0.0;
5920,0.0;
3827,0.0;
2568,0.0;
6726,0.0;
7999,134217.6;
2150,0.0;
432,0.0;
6292,0.0;
7081,0.0;
6681,0.0;
2156,0.0;
7861,0.0;
7097,0.0;
2135,0.0;
8191,0.0;
3666,0.0;
6413,44739.2;
3227,89478.4;
9260,0.0;
7831,0.0;
9283,0.0;
318,0.0;
4162,0.0;
6687,0.0;
7273,0.0;
5973,0.0;
130,0.0;
8288,0.0;
1548,268435.2;
346,0.0;
6406,0.0;
5373,0.0;
6203,0.0;
1400,0.0;
6740,0.0;
1204,134217.6;
6155,0.0;
660,0.0;
633,0.0;
4342,0.0;
467,0.0;
6367,0.0;
6313,0.0;
6729,0.0;
3484,0.0;
3739,0.0;
677,0.0;
9206,0.0;
1634,0.0;
6340,0.0;
2721,0.0;
33,0.0;
3348,0.0;
3515,0.0;
7351,0.0;
4848,0.0;
3200,0.0;
6268,0.0;
5886,134217.6;
1075,0.0;
9050,0.0;
8041,0.0;
8051,0.0;
5792,0.0;
2770,0.0;
7420,0.0;
7811,0.0;
3745,0.0;
938,0.0;
6954,0.0;
2000,0.0;
1353,0.0;
1797,0.0;
6009,0.0;
6383,0.0;
3321,0.0;
8711,0.0;
5839,0.0;
8514,0.0;
771,0.0;
8392,0.0;
1926,0.0;
569,0.0;
3701,0.0;
4231,0.0;
2034,0.0;
8168,0.0;
6011,0.0;
1212,0.0;
8391,268435.2;
3153,89478.4;
8328,0.0;
9112,0.0;
8963,0.0;
9252,0.0;
2441,0.0;
4930,0.0;
5856,0.0;
9627,0.0;
1282,0.0;
3833,0.0;
8563,0.0;
4393,0.0;
67,0.0;
304,0.0;
5975,0.0;
4393,0.0;
7471,0.0;
7627,0.0;
3875,0.0;
4732,0.0;
534,0.0;
4341,0.0;
3961,0.0;
7883,0.0;
3354,0.0;
927,313174.4;
6370,0.0;
1532,0.0;
7576,0.0;
8570,0.0;
142,0.0;
753,0.0;
2175,0.0;
4599,0.0;
5076,0.0;
7606,0.0;
1123,0.0;
5936,0.0;
4060,0.0;
3767,0.0;
114,0.0;
2740,0.0;
7087,0.0;
3447,0.0;
7751,0.0;
9313,0.0;
6901,134217.6;
4510,0.0;
2329,0.0;
8288,0.0;
1508,0.0;
5434,0.0;
2668,0.0;
7151,0.0;
605,0.0;
4571,0.0;
323,0.0;
3207,0.0;
1429,0.0;
6015,0.0;
948,0.0;
4264,0.0;
4459,0.0;
3310,0.0;
4580,0.0;
7502,0.0;
970,0.0;
8225,0.0;
8184,0.0;
8262,0.0;
2501,0.0;
6858,671088.0;
8920,1163219.2;
3826,134217.6;
6995,0.0;
9452,0.0;
3280,134217.6;
4645,0.0;
7551,0.0;
3482,0.0;
5515,0.0;
6930,134217.6;
7544,268435.2;
1802,0.0;
8553,0.0;
6048,0.0;
192,0.0;
8934,0.0;
2016,0.0;
9718,0.0;
1568,0.0;
8968,0.0;
4866,0.0;
3675,0.0;
3524,134217.6;
7929,0.0;
4726,0.0;
167,0.0;
7026,0.0;
1983,0.0;
1963,0.0;
1394,0.0;
6999,0.0;
391,0.0;
4278,0.0;
5867,0.0;
6925,0.0;
8728,0.0;
6715,0.0;
5529,0.0;
5179,0.0;
3575,0.0;
2753,0.0;
5437,0.0;
5362,0.0;
4591,0.0;
4478,0.0;
5845,0.0;
9715,134217.6;
3727,0.0;
3688,0.0;
8575,0.0;
8153,0.0;
4149,0.0;
1236,0.0;
5733,0.0;
5377,0.0;
3395,0.0;
8915,0.0;
9010,0.0;
5098,0.0;
6271,0.0;
6749,0.0;
2104,0.0;
3463,0.0;
3030,0.0;
8687,0.0;
7094,0.0;
3478,134217.6;
7503,0.0;
1386,0.0;
8010,0.0;
8392,357913.6;
8012,0.0;
4019,134217.6;
1313,0.0;
4833,0.0;
1140,0.0;
1847,0.0;
3474,0.0;
5809,0.0;
4731,0.0;
2706,0.0;
461,0.0;
9598,0.0;
1850,0.0;
3455,0.0;
2572,268435.2;
3030,134217.6;
1858,0.0;
2956,0.0;
740,0.0;
6681,0.0;
8248,0.0;
9237,0.0;
7242,0.0;
5129,0.0;
5434,0.0;
1077,0.0;
4536,0.0;
7523,0.0;
8288,0.0;
8469,0.0;
853,0.0;
2506,0.0;
8916,0.0;
2178,0.0;
152,0.0;
6745,0.0;
4868,0.0;
9884,0.0;
7020,0.0;
8242,0.0;
1810,0.0;
5321,0.0;
4218,0.0;
3925,0.0;
1522,0.0;
7246,0.0;
1692,0.0;
6072,0.0;
3022,0.0;
7059,0.0;
1078,0.0;
3590,0.0;
594,0.0;
7484,134217.6;
9014,0.0;
2292,0.0;
7565,0.0;
9831,0.0;
5873,0.0;
2992,0.0;
8757,0.0;
4067,0.0;
3957,0.0;
7413,0.0;
7746,0.0;
4134,0.0;
609,0.0;
9731,0.0;
7277,0.0;
839,0.0;
7255,0.0;
5898,0.0;
2478,0.0;
5929,0.0;
4946,0.0;
3801,0.0;
6904,0.0;
3989,0.0;
617,0.0;
4788,0.0;
837,0.0;
3229,0.0;
5982,0.0;
1129,0.0;
9761,223696.0;
2358,0.0;
2764,0.0;
4548,0.0;
8506,0.0;
8305,0.0;
3775,0.0;
8179,0.0;
3120,0.0;
8790,0.0;
9259,0.0;
7942,0.0;
8239,0.0;
4466,0.0;
1871,0.0;
9687,0.0;
2456,0.0;
7693,0.0;
1670,0.0;
5266,0.0;
7965,0.0;
8846,0.0;
4597,0.0;
4095,0.0;
3650,0.0;
6545,0.0;
4050,536870.4;
6764,0.0;
2685,671088.0;
5156,1029001.6;
5362,0.0;
3767,0.0;
6724,0.0;
1503,0.0;
7264,0.0;
5526,0.0;
8776,0.0;
2840,134217.6;
2749,268435.2;
9540,357913.6;
6005,89478.4;
9836,223696.0;
4144,0.0;
6714,0.0;
1848,0.0;
1573,0.0;
3629,0.0;
1699,0.0;
4082,0.0;
4362,0.0;
1009,0.0;
1425,0.0;
1781,0.0;
2569,0.0;
5070,0.0;
1926,0.0;
9453,0.0;
7593,0.0;
3534,0.0;
6000,0.0;
1074,268435.2;
610,89478.4;
9304,0.0;
3313,0.0;
235,0.0;
5785,0.0;
7489,0.0;
124,0.0;
5139,0.0;
3281,0.0;
8489,0.0;
7991,0.0;
8830,0.0;
5571,0.0;
7352,0.0;
9513,0.0;
5680,0.0;
6319,0.0;
8544,0.0;
4466,0.0;
4919,0.0;
8402,0.0;
8303,0.0;
1529,0.0;
778,0.0;
6547,0.0;
3812,357913.6;
9208,0.0;
6676,0.0;
457,0.0;
9609,0.0;
4524,0.0;
7823,492131.2;
6331,357913.6;
6791,0.0;
9587,0.0;
2574,0.0;
8251,0.0;
9906,0.0;
4249,0.0;
7927,0.0;
5998,0.0;
9713,0.0;
7707,0.0;
8684,0.0;
2609,0.0;
7387,0.0;
3138,0.0;
2940,0.0;
3169,0.0;
7225,0.0;
7223,0.0;
8826,0.0;
6215,0.0;
400,0.0;
795,0.0;
8716,0.0;
449,0.0;
1906,0.0;
7701,268435.2;
7476,134217.6;
2433,0.0;
6471,0.0;
6500,0.0;
755,0.0;
5425,0.0;
6920,0.0;
3597,0.0;
7801,0.0;
5585,0.0;
256,0.0;
7051,0.0;
846,0.0;
9401,0.0;
2521,0.0;
7422,0.0;
9699,0.0;
5389,0.0;
3427,0.0;
5769,0.0;
5864,268435.2;
3840,0.0;
5691,0.0;
9169,0.0;
5251,0.0;
755,0.0;
2002,0.0;
990,313174.4;
2329,0.0;
5931,0.0;
4672,0.0;
6562,0.0;
1435,0.0;
626,0.0;
9130,0.0;
4841,0.0;
2883,0.0;
7252,0.0;
2630,0.0;
3210,0.0;
2507,0.0;
2060,0.0;
3835,0.0;
5659,0.0;
3298,0.0;
1958,0.0;
7227,0.0;
4226,134217.6;
6935,0.0;
8260,89478.4;
8729,536870.4;
9832,0.0;
1166,0.0;
3437,0.0;
5350,0.0;
1384,0.0;
6243,0.0;
1731,0.0;
2196,0.0;
1414,0.0;
9888,0.0;
900,0.0;
4761,0.0;
2390,0.0;
5679,0.0;
274,0.0;
3067,0.0;
321,0.0;
4102,0.0;
9824,0.0;
6914,0.0;
1329,0.0;
9069,0.0;
5998,0.0;
8278,0.0;
2418,0.0;
5189,0.0;
2710,0.0;
7716,0.0;
9865,0.0;
2747,0.0;
59,0.0;
6538,0.0;
7350,0.0;
7972,0.0;
9099,0.0;
5465,805305.6;
1258,357913.6;
5943,0.0;
8313,0.0;
3488,0.0;
2392,0.0;
2264,0.0;
6289,0.0;
7750,0.0;
1776,0.0;
7514,0.0;
5581,0.0;
6394,0.0;
3183,0.0;
5380,0.0;
4692,0.0;
1546,0.0;
6562,0.0;
1397,0.0;
8718,0.0;
8846,0.0;
4627,0.0;
4246,0.0;
4294,0.0;
3283,0.0;
9539,0.0;
5669,0.0;
1189,0.0;
8496,0.0;
7815,0.0;
8259,0.0;
1141,0.0;
8124,0.0;
9415,0.0;
2594,0.0;
4336,0.0;
3336,0.0;
1255,0.0;
6496,0.0;
5317,268435.2;
239,0.0;
6354,0.0;
9548,0.0;
3046,0.0;
4512,0.0;
7254,0.0;
5441,0.0;
4344,0.0;
8300,0.0;
6400,0.0;
3192,0.0;
5999,0.0;
6202,0.0;
6771,0.0;
5835,0.0;
8456,178956.8;
2982,223696.0;
3202,0.0;
1790,0.0;
3202,0.0;
5552,0.0;
8544,0.0;
9799,134217.6;
6694,0.0;
5716,0.0;
9131,0.0;
3041,0.0;
6008,0.0;
8183,0.0;
826,0.0;
1851,0.0;
5262,0.0;
447,268435.2;
348,4518660.533333333;
7317,4473922.133333334;
7294,5502924.8;
7266,6397709.6;
6556,1.6598257066666666E7;
9961,1.3153335733333332E7;
2093,2147481.6;
2667,0.0;
2890,178956.8;
8692,1834307.4666666666;
2027,5637143.2;
6701,6889840.8;
5262,7337233.066666666;
5268,8097801.333333333;
4071,1.2348029866666667E7;
2470,1.2616464E7;
9359,2147481.6;
8628,134217.6;
880,0.0;
1367,0.0;
7539,0.0;
1595,0.0;
5852,0.0;
895,0.0;
8267,0.0;
9730,0.0;
2111,0.0;
9990,0.0;
414,134217.6;
8393,5055532.266666667;
1724,6621406.666666667;
1307,6845102.4;
621,6487188.8;
9417,1.16322016E7;
9406,1.3734945066666666E7;
8610,2863309.3333333335;
4416,89478.4;
3257,0.0;
4472,0.0;
84,0.0;
809,0.0;
5927,0.0;
5859,0.0;
5170,0.0;
5671,0.0;
2625,0.0;
7660,0.0;
3354,0.0;
1368,0.0;
1511,0.0;
6809,0.0;
8221,0.0;
8852,0.0;
1821,0.0;
310,0.0;
9054,0.0;
3683,0.0;
214,0.0;
6711,0.0;
5270,0.0;
9290,0.0;
8044,0.0;
5399,0.0;
6060,0.0;
9222,0.0;
126,0.0;
7747,0.0;
8758,0.0;
5075,0.0;
2470,805305.6;
6126,894784.0;
4645,0.0;
8336,0.0;
2473,0.0;
369,0.0;
191,0.0;
2469,0.0;
63,0.0;
6406,0.0;
5035,0.0;
6234,0.0;
2448,0.0;
8466,0.0;
5427,0.0;
446,0.0;
8262,0.0;
4512,0.0;
3298,0.0;
8171,0.0;
9152,0.0;
4357,0.0;
6621,0.0;
2681,0.0;
8152,0.0;
1338,0.0;
6353,0.0;
8439,0.0;
4531,0.0;
1299,0.0;
8844,0.0;
7805,0.0;
4263,0.0;
7206,0.0;
330,89478.4;
227,0.0;
3699,0.0;
3710,0.0;
1886,0.0;
1260,0.0;
1633,268435.2;
3673,1207958.4;
9054,0.0;
5913,0.0;
1514,0.0;
7797,0.0;
235,0.0;
4554,0.0;
1254,0.0;
9287,0.0;
1909,0.0;
9870,0.0;
2813,0.0;
7793,0.0;
6759,0.0;
252,134217.6;
7549,0.0;
723,0.0;
2835,0.0;
8345,0.0;
6161,0.0;
5491,0.0;
8086,0.0;
3516,0.0;
4005,0.0;
3257,0.0;
4720,0.0;
3489,0.0;
3522,134217.6;
3265,0.0;
2199,0.0;
3517,0.0;
5594,0.0;
7026,0.0;
5942,0.0;
1108,0.0;
720,0.0;
3293,0.0;
1240,0.0;
540,134217.6;
9121,0.0;
7998,0.0;
8324,0.0;
4198,0.0;
6076,0.0;
8157,0.0;
5050,0.0;
7095,0.0;
5123,0.0;
5128,0.0;
8252,0.0;
6847,0.0;
7105,0.0;
524,0.0;
3435,0.0;
3869,0.0;
7461,0.0;
7618,0.0;
5220,0.0;
5554,0.0;
7660,0.0;
2104,0.0;
7677,0.0;
3822,0.0;
9228,0.0;
8742,0.0;
4557,0.0;
7567,402652.8;
394,223696.0;
4577,0.0;
4291,0.0;
263,0.0;
6118,0.0;
5179,0.0;
3596,0.0;
8271,0.0;
1934,0.0;
7690,0.0;
6546,0.0;
7214,0.0;
880,0.0;
3292,0.0;
3039,0.0;
2234,0.0;
648,0.0;
2210,0.0;
1740,0.0;
2886,0.0;
4984,0.0;
6307,0.0;
7780,0.0;
4953,0.0;
9382,0.0;
7939,178956.8;
4758,134217.6;
9598,0.0;
6152,0.0;
8836,223696.0;
3939,134217.6;
4884,0.0;
8055,0.0;
9478,0.0;
902,0.0;
5939,0.0;
2868,0.0;
7683,0.0;
1377,0.0;
7827,0.0;
3494,0.0;
4937,178956.8;
3517,134217.6;
9511,0.0;
9504,0.0;
382,134217.6;
3424,0.0;
8231,0.0;
6389,0.0;
5293,0.0;
4405,0.0;
1064,0.0;
8202,0.0;
5419,0.0;
8115,0.0;
4488,0.0;
7758,0.0;
4579,0.0;
7551,0.0;
3348,0.0;
6137,0.0;
571,0.0;
7650,0.0;
7797,0.0;
9793,0.0;
3615,0.0;
9154,0.0;
497,134217.6;
9301,536870.4;
8318,0.0;
5376,0.0;
6651,0.0;
8480,0.0;
2459,0.0;
9480,0.0;
6274,0.0;
6427,0.0;
9762,0.0;
2016,0.0;
1539,0.0;
7877,0.0;
9284,0.0;
4543,0.0;
1983,0.0;
9208,0.0;
1015,0.0;
5426,0.0;
6909,0.0;
8417,0.0;
5884,0.0;
8121,0.0;
7390,0.0;
7418,0.0;
8481,0.0;
621,0.0;
9987,0.0;
4144,0.0;
2476,0.0;
7110,0.0;
447,0.0;
96,0.0;
1997,0.0;
9340,1073740.8;
8500,671088.0;
6236,0.0;
7029,0.0;
5742,0.0;
4161,0.0;
6393,0.0;
7264,0.0;
904,0.0;
1891,0.0;
2729,0.0;
6793,0.0;
6641,0.0;
1421,0.0;
2250,0.0;
1517,0.0;
8621,0.0;
3084,0.0;
6793,0.0;
2220,0.0;
9268,0.0;
1095,0.0;
1511,0.0;
8883,0.0;
8497,0.0;
375,0.0;
8466,0.0;
5995,0.0;
8719,0.0;
1235,0.0;
2617,0.0;
4375,0.0;
9518,0.0;
1523,0.0;
7226,0.0;
2347,0.0;
421,0.0;
7688,0.0;
4518,0.0;
7950,0.0;
7253,0.0;
4599,0.0;
5266,0.0;
4352,0.0;
8713,0.0;
8960,0.0;
7922,0.0;
2599,0.0;
5034,0.0;
2676,0.0;
3879,0.0;
9417,0.0;
9816,0.0;
621,0.0;
525,0.0;
2903,0.0;
9485,0.0;
1925,0.0;
7821,0.0;
5638,0.0;
2223,0.0;
5109,0.0;
7357,0.0;
2994,0.0;
9636,223696.0;
5190,223696.0;
5036,313174.4;
4235,0.0;
9991,0.0;
5216,0.0;
9859,0.0;
5383,0.0;
1397,0.0;
5601,0.0;
1632,0.0;
5752,0.0;
6959,0.0;
2103,0.0;
9847,0.0;
4582,0.0;
1649,0.0;
7315,0.0;
4482,0.0;
220,0.0;
2393,0.0;
1151,0.0;
6981,0.0;
1984,0.0;
8700,0.0;
2939,0.0;
6346,0.0;
3978,0.0;
1071,0.0;
1480,0.0;
874,0.0;
924,0.0;
8364,0.0;
9711,134217.6;
879,178956.8;
8351,0.0;
3305,0.0;
7434,0.0;
1478,0.0;
3393,0.0;
7439,0.0;
9012,0.0;
7425,0.0;
7871,0.0;
2925,0.0;
2882,0.0;
3877,447392.0;
2323,223696.0;
8817,0.0;
6274,0.0;
7968,0.0;
8248,0.0;
3715,0.0;
1630,223696.0;
6121,134217.6;
5910,0.0;
5004,0.0;
856,0.0;
1130,0.0;
6779,0.0;
7321,0.0;
9780,0.0;
1229,0.0;
2909,0.0;
9289,0.0;
7963,0.0;
591,0.0;
388,0.0;
8135,0.0;
8350,0.0;
7002,0.0;
349,0.0;
6343,0.0;
7173,0.0;
7824,0.0;
9001,0.0;
3160,0.0;
6971,134217.6;
9772,0.0;
7611,0.0;
6480,0.0;
4640,0.0;
1523,0.0;
4446,0.0;
7367,0.0;
1997,0.0;
727,0.0;
3323,0.0;
362,0.0;
8553,0.0;
8598,0.0;
7571,0.0;
7553,0.0;
4826,0.0;
5931,0.0;
4005,0.0;
3388,0.0;
9912,268435.2;
4139,1207958.4;
8781,357913.6;
204,0.0;
8772,0.0;
3693,0.0;
5917,0.0;
1531,0.0;
3195,0.0;
215,0.0;
9682,0.0;
1376,0.0;
5297,0.0;
5396,0.0;
4055,0.0;
2887,0.0;
3988,0.0;
5895,0.0;
6041,0.0;
9090,0.0;
2929,0.0;
8431,0.0;
4736,0.0;
1679,0.0;
3142,44739.2;
3379,223696.0;
4736,0.0;
1273,0.0;
4682,0.0;
2372,89478.4;
725,268435.2;
3992,0.0;
9538,0.0;
7622,0.0;
9913,0.0;
4716,0.0;
2300,0.0;
2012,0.0;
340,0.0;
6981,0.0;
6017,0.0;
9318,0.0;
6032,0.0;
3101,0.0;
8149,0.0;
3403,0.0;
4484,0.0;
5822,0.0;
5559,0.0;
3655,0.0;
7998,0.0;
4563,0.0;
8069,0.0;
1534,0.0;
8058,0.0;
5151,0.0;
7271,0.0;
9691,0.0;
1083,0.0;
1824,0.0;
1016,0.0;
766,0.0;
4683,0.0;
4262,0.0;
4258,223696.0;
7768,671088.0;
5820,0.0;
393,0.0;
3808,0.0;
1677,0.0;
6193,0.0;
7818,0.0;
7944,0.0;
4815,0.0;
5573,0.0;
2845,0.0;
1792,0.0;
431,0.0;
831,0.0;
6318,0.0;
5929,0.0;
9942,0.0;
6974,0.0;
9683,0.0;
8768,0.0;
9319,0.0;
6603,0.0;
3107,134217.6;
2921,0.0;
5211,0.0;
5933,0.0;
9794,0.0;
1968,0.0;
9594,134217.6;
8734,268435.2;
7161,0.0;
6850,0.0;
8942,0.0;
4395,0.0;
6006,0.0;
432,0.0;
236,134217.6;
2663,0.0;
3412,0.0;
4706,0.0;
1473,0.0;
5565,0.0;
3752,0.0;
7578,0.0;
8784,0.0;
6533,0.0;
4880,0.0;
5184,760566.4;
5722,3802833.6;
7773,3534397.8666666667;
3353,6531927.2;
1319,6442449.6;
2863,7292494.4;
9616,8768889.066666666;
3359,1.5166601066666666E7;
7703,1.5792950666666666E7;
7456,7560930.133333334;
9692,5234488.533333333;
8924,805305.6;
7506,0.0;
3535,0.0;
5616,0.0;
7918,0.0;
9879,2773831.7333333334;
2645,5055532.533333333;
2092,5502925.6;
9408,5860839.466666667;
5056,1.42270776E7;
4126,8187280.0;
2304,805305.6;
2975,0.0;
8000,0.0;
1779,0.0;
3837,0.0;
9759,0.0;
3558,134217.6;
630,0.0;
1418,0.0;
208,0.0;
7595,0.0;
3531,0.0;
2304,0.0;
2761,0.0;
6695,178956.8;
2353,3668614.4;
5283,4697619.2;
1043,5995056.8;
3663,7829365.066666666;
2659,1.1721678933333334E7;
940,1.43612944E7;
4514,2863309.3333333335;
7289,2818571.466666667;
3914,5592402.933333334;
9097,3847571.2;
9005,5145011.2;
2617,6934580.533333333;
9516,1.4361295466666667E7;
9135,1.7806217066666666E7;
9070,8410975.2;
2299,6218753.066666666;
2240,1565872.0;
316,0.0;
3657,0.0;
540,0.0;
1057,0.0;
2111,0.0;
258,0.0;
8589,939523.2;
4683,1207958.4;
9101,268435.2;
413,671088.2666666667;
4793,7024058.933333334;
5736,7024059.733333333;
1030,7113537.066666666;
1168,1610611.2;
2782,3310703.2;
6903,5637143.2;
6255,6845101.6;
2969,5145012.0;
8572,8097800.533333333;
7147,1.1363765866666667E7;
6005,5637143.2;
4334,6487188.0;
1028,6531927.2;
1635,5502925.6;
7612,1.05584592E7;
7606,1.7448302666666668E7;
469,4697618.666666667;
3833,671088.0;
7219,0.0;
8112,0.0;
7002,0.0;
1989,0.0;
6304,0.0;
1137,0.0;
3608,0.0;
5104,0.0;
1839,0.0;
7251,0.0;
8952,0.0;
5398,0.0;
6875,0.0;
6743,0.0;
1438,0.0;
5279,357913.6;
6928,0.0;
8184,0.0;
9120,0.0;
6864,0.0;
7662,0.0;
4462,0.0;
9734,0.0;
1216,0.0;
1042,0.0;
2032,134217.6;
1348,0.0;
2624,0.0;
410,0.0;
5585,0.0;
6895,0.0;
519,0.0;
9717,0.0;
833,0.0;
5210,0.0;
7869,0.0;
8552,0.0;
2724,0.0;
7102,268435.2;
310,134217.6;
2530,0.0;
5007,0.0;
7458,0.0;
4657,223696.0;
8105,357913.6;
9799,0.0;
3399,0.0;
8936,0.0;
1945,0.0;
2560,0.0;
4134,0.0;
8643,0.0;
7631,0.0;
8712,134217.6;
278,0.0;
5508,0.0;
6620,0.0;
3042,0.0;
9151,0.0;
5767,178956.8;
6195,134217.6;
1962,0.0;
7840,357913.6;
4639,223696.0;
4384,0.0;
1753,0.0;
7664,0.0;
2524,0.0;
784,0.0;
2951,0.0;
2084,0.0;
6289,0.0;
2578,0.0;
2224,0.0;
5060,0.0;
5959,0.0;
7119,0.0;
8259,0.0;
8422,0.0;
3065,0.0;
5949,0.0;
7464,0.0;
4876,0.0;
2012,0.0;
302,0.0;
8619,0.0;
7961,0.0;
9890,0.0;
4795,0.0;
2988,0.0;
1472,0.0;
3349,0.0;
4266,0.0;
7877,0.0;
8647,0.0;
3406,0.0;
8566,0.0;
7136,0.0;
5785,0.0;
311,0.0;
1439,0.0;
1670,0.0;
5829,0.0;
1006,0.0;
2597,0.0;
6685,134217.6;
4970,0.0;
1112,0.0;
6600,0.0;
96,0.0;
9309,0.0;
1857,0.0;
8184,0.0;
8268,89478.4;
9256,536870.4;
9929,0.0;
1352,0.0;
1137,0.0;
6464,0.0;
4830,223696.0;
8693,134217.6;
8601,0.0;
1845,0.0;
3997,0.0;
8166,0.0;
4068,0.0;
3493,0.0;
680,0.0;
6899,0.0;
9032,0.0;
158,313174.4;
3364,0.0;
5432,0.0;
4647,0.0;
9374,0.0;
8400,0.0;
1247,143804.57142857142;
2417,0.0;
9260,134217.6;
9419,178956.8;
7482,134217.6;
6302,0.0;
9588,0.0;
8092,0.0;
1231,0.0;
2830,0.0;
783,0.0;
846,0.0;
6005,0.0;
4118,178956.8;
9191,178956.8;
5273,0.0;
4591,0.0;
1118,0.0;
3165,0.0;
8114,0.0;
1816,0.0;
836,0.0;
7302,0.0;
3971,0.0;
1518,0.0;
1803,0.0;
1522,0.0;
159,0.0;
8426,0.0;
6660,0.0;
7567,47934.857142857145;
8516,4384442.666666667;
3565,5991861.142857143;
9346,6800362.4;
7983,6442448.8;
9370,8053061.866666666;
1339,1.5882429866666667E7;
7106,5816098.666666667;
1688,4250225.866666666;
6386,5145010.666666667;
7456,5995056.8;
4277,6218753.066666666;
5798,8545193.6;
3528,1.9988852285714287E7;
9551,9976849.866666667;
5664,1342176.0;
5573,0.0;
7019,0.0;
6495,0.0;
2196,0.0;
3044,0.0;
5823,0.0;
8166,0.0;
517,0.0;
177,313174.4;
3942,44739.2;
4761,0.0;
1162,335544.0;
4255,178956.8;
6579,0.0;
3596,0.0;
7093,0.0;
1616,0.0;
128,0.0;
1797,0.0;
5461,0.0;
781,0.0;
2829,0.0;
5280,0.0;
696,0.0;
7615,0.0;
8948,0.0;
7971,0.0;
6289,0.0;
3211,0.0;
4366,0.0;
370,0.0;
5966,805305.6;
9857,4608140.0;
5599,6084535.2;
3222,6129274.4;
2320,5323968.8;
1679,6129274.133333334;
7403,2.07590064E7;
332,1.2661204266666668E7;
2454,6621405.6;
4318,5816100.0;
6408,6755623.2;
4375,1.83430872E7;
5701,1.8656262133333333E7;
2360,7650408.8;
9476,5100272.0;
901,5010793.866666666;
8034,1.1274286933333334E7;
4138,1.6866691733333334E7;
5870,7963582.666666667;
8725,5010794.133333334;
1468,7068797.866666666;
992,1.1363766133333333E7;
1727,2.08037464E7;
9338,5905577.6;
4437,805305.6;
2122,0.0;
3827,0.0;
4082,0.0;
881,0.0;
6739,0.0;
7191,134217.6;
5440,402652.8;
1655,0.0;
2416,0.0;
7654,0.0;
7977,0.0;
1705,0.0;
2207,0.0;
6231,0.0;
5241,0.0;
469,0.0;
3450,0.0;
6842,134217.6;
1218,134217.6;
930,0.0;
7950,0.0;
2738,134217.6;
8848,223696.0;
4866,0.0;
6706,3444919.7333333334;
9858,5279228.533333333;
3500,6218752.8;
7949,6352970.4;
2270,7426713.066666666;
7246,1.5345558666666666E7;
6368,6845101.866666666;
8597,1163219.2;
8384,0.0;
5669,0.0;
1254,0.0;
8689,0.0;
9640,0.0;
5589,0.0;
8363,0.0;
2643,0.0;
3537,0.0;
4810,0.0;
439,268435.2;
3714,0.0;
3571,0.0;
4221,0.0;
9771,0.0;
2829,0.0;
4745,0.0;
7374,0.0;
9470,0.0;
5805,0.0;
2238,0.0;
5852,0.0;
8759,0.0;
9367,44739.2;
9902,223696.0;
7820,0.0;
9969,0.0;
5021,0.0;
7688,0.0;
1516,0.0;
4436,671088.0;
2564,0.0;
6176,0.0;
8964,0.0;
5554,0.0;
1748,0.0;
1951,0.0;
7715,0.0;
9876,0.0;
1473,0.0;
9729,0.0;
54,0.0;
1333,0.0;
759,0.0;
5880,0.0;
9763,0.0;
9397,0.0;
4722,268435.2;
3245,89478.4;
6295,0.0;
9330,0.0;
1764,134217.6;
9020,134217.6;
4971,0.0;
1543,0.0;
5304,0.0;
5859,0.0;
9725,0.0;
7510,0.0;
4492,0.0;
1353,0.0;
1798,0.0;
1711,134217.6;
3566,134217.6;
2541,0.0;
3803,0.0;
2618,0.0;
8781,0.0;
225,0.0;
3608,0.0;
874,0.0;
5160,134217.6;
2518,134217.6;
6614,0.0;
9519,0.0;
2710,0.0;
8268,0.0;
8162,0.0;
9333,0.0;
3223,0.0;
8788,0.0;
56,134217.6;
2230,0.0;
4259,0.0;
661,134217.6;
6474,0.0;
6959,0.0;
6531,0.0;
3316,0.0;
4904,0.0;
4355,0.0;
4524,0.0;
2519,0.0;
7175,0.0;
3861,0.0;
7894,0.0;
4965,0.0;
4124,0.0;
9098,0.0;
2979,0.0;
9763,0.0;
5005,0.0;
7924,0.0;
9542,0.0;
9742,0.0;
9334,0.0;
1562,0.0;
7807,0.0;
9260,0.0;
4577,0.0;
8172,0.0;
4768,0.0;
5430,0.0;
7773,0.0;
8533,0.0;
6789,0.0;
6586,0.0;
3033,268435.2;
5386,268435.2;
7580,0.0;
5167,0.0;
9682,0.0;
3428,0.0;
6784,0.0;
2196,0.0;
7743,0.0;
3940,0.0;
4622,0.0;
7055,0.0;
8471,0.0;
6619,0.0;
2284,0.0;
9355,0.0;
7656,0.0;
1283,0.0;
6122,0.0;
9359,0.0;
8552,0.0;
3823,0.0;
6064,0.0;
9629,223696.0;
9463,134217.6;
4030,0.0;
5124,0.0;
3369,0.0;
8227,0.0;
7740,0.0;
7436,0.0;
4261,0.0;
2180,0.0;
2090,0.0;
6760,0.0;
8504,0.0;
7503,0.0;
667,0.0;
6111,0.0;
2261,0.0;
6299,0.0;
4787,0.0;
1827,0.0;
6708,0.0;
3238,0.0;
8237,0.0;
2173,0.0;
8517,0.0;
6137,0.0;
5418,0.0;
1416,0.0;
5736,0.0;
6476,0.0;
7029,0.0;
5179,0.0;
7758,0.0;
6508,0.0;
3191,0.0;
1859,0.0;
3371,0.0;
9367,0.0;
1199,0.0;
7895,0.0;
2681,0.0;
7366,0.0;
3992,0.0;
1754,0.0;
7170,0.0;
1558,0.0;
5861,0.0;
2667,0.0;
7070,0.0;
2534,0.0;
3915,0.0;
5310,178956.8;
6787,313174.4;
8429,134217.6;
7390,0.0;
942,0.0;
7222,0.0;
1167,0.0;
2019,0.0;
8794,0.0;
8454,44739.2;
6060,1386915.2;
3361,0.0;
8943,134217.6;
7505,313174.4;
3074,44739.2;
1245,0.0;
9313,0.0;
3690,0.0;
312,0.0;
7304,134217.6;
5007,0.0;
8358,0.0;
1529,0.0;
8933,0.0;
7710,0.0;
6810,0.0;
9911,0.0;
5976,0.0;
6596,223696.0;
7570,447392.0;
9715,0.0;
903,0.0;
9818,0.0;
8295,0.0;
5904,0.0;
9355,0.0;
7488,0.0;
8141,0.0;
9421,313174.4;
5523,44739.2;
2833,0.0;
3605,0.0;
2383,0.0;
6030,0.0;
8146,178956.8;
8560,134217.6;
3135,0.0;
6734,0.0;
6069,0.0;
9494,0.0;
5852,0.0;
9203,0.0;
4795,0.0;
3806,0.0;
3159,0.0;
7447,0.0;
7843,0.0;
2413,0.0;
3125,0.0;
988,0.0;
5188,178956.8;
7910,134217.6;
3882,0.0;
7291,0.0;
2763,0.0;
6048,0.0;
133,0.0;
5204,0.0;
1593,0.0;
1377,0.0;
5843,0.0;
1126,0.0;
6158,0.0;
7592,0.0;
6526,0.0;
1356,0.0;
3989,0.0;
9307,0.0;
2718,0.0;
7293,0.0;
4922,0.0;
4792,0.0;
3451,0.0;
5004,0.0;
8996,0.0;
8527,0.0;
4860,0.0;
7023,0.0;
6523,44739.2;
8367,223696.0;
4392,0.0;
2208,268435.2;
2529,313174.4;
4552,268435.2;
5534,0.0;
8971,0.0;
442,0.0;
6849,0.0;
1450,0.0;
8256,0.0;
6705,0.0;
1702,0.0;
8463,0.0;
5302,0.0;
8787,0.0;
3424,0.0;
1948,0.0;
3352,0.0;
3987,0.0;
2188,0.0;
7840,134217.6;
8293,0.0;
5353,0.0;
6850,0.0;
2748,0.0;
479,0.0;
4092,0.0;
2497,0.0;
4416,0.0;
8875,0.0;
4879,0.0;
1007,0.0;
2156,0.0;
3120,0.0;
1667,0.0;
7882,0.0;
3818,0.0;
1079,0.0;
6762,0.0;
162,0.0;
1799,0.0;
3038,0.0;
5226,0.0;
8294,0.0;
5710,0.0;
8823,0.0;
9980,0.0;
9522,0.0;
3361,0.0;
802,0.0;
380,0.0;
1563,0.0;
4950,357913.6;
3985,0.0;
8498,0.0;
3123,0.0;
7560,0.0;
4269,0.0;
2848,0.0;
2155,0.0;
8354,0.0;
7210,0.0;
8889,0.0;
3659,0.0;
5245,0.0;
2702,0.0;
9263,0.0;
6322,0.0;
3219,89478.4;
5389,536870.4;
4454,0.0;
1287,0.0;
2994,0.0;
6731,0.0;
6290,0.0;
6973,0.0;
6228,0.0;
2273,0.0;
2582,0.0;
1009,0.0;
8112,0.0;
6839,0.0;
1044,0.0;
4069,0.0;
3869,0.0;
1141,0.0;
4617,0.0;
674,0.0;
383,0.0;
5589,0.0;
8339,0.0;
8885,178956.8;
8012,134217.6;
995,0.0;
9976,0.0;
4196,0.0;
491,0.0;
1265,0.0;
2756,0.0;
2942,0.0;
2752,0.0;
206,0.0;
8800,0.0;
7031,1207958.4;
7466,671088.0;
3134,0.0;
6048,0.0;
4936,0.0;
1186,0.0;
4067,0.0;
9871,0.0;
3515,0.0;
55,0.0;
1030,0.0;
2893,0.0;
1484,0.0;
3227,0.0;
5194,0.0;
3066,0.0;
8099,357913.6;
9394,0.0;
4434,0.0;
489,0.0;
6,0.0;
8098,0.0;
8225,0.0;
8106,0.0;
5080,0.0;
2864,0.0;
8774,0.0;
15,0.0;
4568,0.0;
7646,0.0;
2757,0.0;
3850,0.0;
3885,0.0;
1513,0.0;
9115,0.0;
454,0.0;
7995,0.0;
9100,0.0;
972,0.0;
4900,0.0;
9475,0.0;
5930,0.0;
3950,0.0;
7793,0.0;
6088,0.0;
8401,0.0;
8887,0.0;
4771,0.0;
9950,0.0;
7954,0.0;
4282,0.0;
5101,0.0;
2258,0.0;
7759,0.0;
2688,0.0;
7385,0.0;
5917,0.0;
8096,0.0;
5686,0.0;
1503,0.0;
3399,0.0;
3540,0.0;
4083,0.0;
1145,0.0;
8695,0.0;
1058,0.0;
3564,0.0;
544,0.0;
312,0.0;
3139,0.0;
1118,0.0;
2347,0.0;
6926,0.0;
4241,268435.2;
4269,134217.6;
966,357913.6;
8524,178956.8;
1961,178956.8;
3410,0.0;
7192,0.0;
3662,0.0;
6609,0.0;
7301,0.0;
5391,0.0;
7786,0.0;
4145,0.0;
3239,0.0;
4150,0.0;
8501,178956.8;
7805,178956.8;
6276,0.0;
4930,0.0;
1112,0.0;
3168,0.0;
6434,0.0;
936,0.0;
1838,0.0;
9897,0.0;
8854,0.0;
221,0.0;
6639,0.0;
948,0.0;
9520,0.0;
2860,0.0;
806,0.0;
6631,0.0;
8326,0.0;
1901,0.0;
8158,0.0;
6603,0.0;
2045,0.0;
1800,0.0;
8972,0.0;
7592,0.0;
2056,268435.2;
6019,44739.2;
2628,0.0;
8471,0.0;
5558,0.0;
7567,0.0;
4364,0.0;
7129,0.0;
4469,0.0;
2415,0.0;
5479,0.0;
5547,0.0;
3161,0.0;
5904,0.0;
2895,268435.2;
450,134217.6;
4790,134217.6;
6539,0.0;
7046,0.0;
6954,0.0;
6096,0.0;
9898,0.0;
6755,0.0;
1761,0.0;
2211,178956.8;
7760,0.0;
5945,0.0;
591,0.0;
6309,0.0;
4044,0.0;
9848,0.0;
1826,0.0;
3707,0.0;
9628,0.0;
7701,0.0;
4583,0.0;
6428,0.0;
2728,0.0;
4827,0.0;
4845,0.0;
2167,0.0;
141,0.0;
9474,0.0;
7674,268435.2;
1105,134217.6;
7383,0.0;
8823,0.0;
7017,0.0;
5067,0.0;
2485,0.0;
4168,0.0;
7188,0.0;
6182,0.0;
9083,0.0;
7412,0.0;
1683,0.0;
6348,0.0;
9289,0.0;
9782,850044.8;
5697,626348.8;
4595,313174.4;
5822,134217.6;
8908,0.0;
8423,0.0;
6722,0.0;
5871,0.0;
2288,0.0;
21,0.0;
493,0.0;
6245,0.0;
3548,0.0;
6002,0.0;
83,0.0;
517,0.0;
2887,0.0;
8705,0.0;
5496,268435.2;
4079,89478.4;
4635,0.0;
1526,0.0;
6226,0.0;
2263,0.0;
2933,0.0;
6593,0.0;
3550,0.0;
42,0.0;
1214,0.0;
722,0.0;
2570,0.0;
9223,0.0;
2377,0.0;
7639,0.0;
3314,0.0;
454,0.0;
4347,0.0;
6691,0.0;
79,0.0;
2948,0.0;
23,0.0;
9587,0.0;
9534,0.0;
4346,0.0;
1567,0.0;
7044,0.0;
1067,0.0;
6833,0.0;
6434,0.0;
6655,0.0;
7341,0.0;
3294,0.0;
6565,0.0;
1787,0.0;
9106,0.0;
9075,0.0;
2803,0.0;
8843,0.0;
5929,0.0;
754,0.0;
3694,0.0;
6851,0.0;
3704,0.0;
3197,0.0;
1609,0.0;
9021,0.0;
541,0.0;
151,0.0;
9361,0.0;
630,0.0;
4968,0.0;
1637,0.0;
7378,0.0;
1406,0.0;
4229,0.0;
3473,0.0;
4862,0.0;
3440,0.0;
5940,0.0;
420,0.0;
8368,0.0;
7578,0.0;
3316,268435.2;
4639,0.0;
7748,357913.6;
2244,0.0;
2802,0.0;
5409,0.0;
2506,0.0;
8656,0.0;
3017,0.0;
4395,0.0;
1283,357913.6;
5565,0.0;
5646,0.0;
3151,0.0;
3384,0.0;
4774,0.0;
2155,0.0;
5984,0.0;
4067,0.0;
5940,0.0;
5002,0.0;
1828,0.0;
4649,0.0;
5492,0.0;
8428,0.0;
3372,0.0;
4389,0.0;
9809,0.0;
1822,0.0;
307,134217.6;
3593,0.0;
7265,0.0;
8163,0.0;
6265,0.0;
6392,0.0;
7225,0.0;
1120,268435.2;
5817,0.0;
7278,0.0;
6607,0.0;
7003,0.0;
8684,0.0;
7606,0.0;
6264,0.0;
1947,0.0;
3244,0.0;
7004,0.0;
93,0.0;
480,0.0;
359,0.0;
9932,0.0;
9518,0.0;
8917,0.0;
1557,0.0;
9444,0.0;
4812,0.0;
5914,0.0;
2697,0.0;
8641,0.0;
2548,0.0;
2963,0.0;
5380,0.0;
5272,0.0;
5426,0.0;
9577,0.0;
3575,0.0;
6453,0.0;
6697,0.0;
1529,0.0;
2202,0.0;
8596,0.0;
6446,0.0;
5583,0.0;
7728,0.0;
2280,0.0;
1125,0.0;
888,0.0;
8254,0.0;
3022,0.0;
877,0.0;
5433,0.0;
1984,268435.2;
6694,134217.6;
1461,0.0;
5780,0.0;
8539,134217.6;
2667,0.0;
8850,0.0;
9674,0.0;
7097,0.0;
8687,0.0;
4958,0.0;
4070,0.0;
9039,0.0;
8939,0.0;
2384,0.0;
5603,0.0;
449,0.0;
806,536870.4;
4515,134217.6;
6619,268435.2;
1598,0.0;
6412,134217.6;
4909,268435.2;
7477,0.0;
6371,0.0;
2216,0.0;
6478,0.0;
5062,0.0;
4493,0.0;
3607,0.0;
6670,0.0;
8161,0.0;
3342,0.0;
1784,134217.6;
9572,0.0;
2693,313174.4;
4199,134217.6;
7006,0.0;
9671,0.0;
3666,0.0;
9817,0.0;
5728,0.0;
4871,0.0;
6142,0.0;
6359,0.0;
9113,0.0;
8264,0.0;
4527,0.0;
2964,0.0;
6921,0.0;
9177,0.0;
8055,0.0;
6455,0.0;
3896,0.0;
4033,0.0;
448,0.0;
7035,0.0;
5417,0.0;
6689,0.0;
3455,0.0;
3211,0.0;
5405,0.0;
6100,0.0;
7185,0.0;
658,0.0;
2256,313174.4;
6355,0.0;
4998,0.0;
209,0.0;
7918,89478.4;
490,44739.2;
7088,0.0;
4794,0.0;
1142,0.0;
4779,0.0;
4798,0.0;
3745,0.0;
8407,0.0;
4681,0.0;
7268,0.0;
5615,0.0;
5039,0.0;
7073,0.0;
3033,0.0;
7425,223696.0;
4664,134217.6;
5972,0.0;
1820,313174.4;
9067,0.0;
7272,0.0;
533,0.0;
6025,0.0;
6510,0.0;
4897,0.0;
4816,0.0;
7045,0.0;
6376,0.0;
9202,0.0;
8524,0.0;
8984,0.0;
7518,0.0;
7115,0.0;
6730,0.0;
1141,0.0;
2250,0.0;
9034,0.0;
4458,0.0;
1104,0.0;
1092,0.0;
9137,0.0;
8929,0.0;
2272,0.0;
35,0.0;
8839,0.0;
8238,0.0;
3233,0.0;
8638,0.0;
2523,0.0;
311,0.0;
1490,0.0;
588,0.0;
9365,0.0;
69,0.0;
782,0.0;
5742,0.0;
6265,134217.6;
5931,0.0;
9441,0.0;
4125,0.0;
4686,0.0;
9000,178956.8;
7086,178956.8;
7886,0.0;
8555,0.0;
9589,0.0;
8303,0.0;
6789,0.0;
1284,0.0;
6096,0.0;
4908,0.0;
6443,0.0;
7440,134217.6;
673,0.0;
2903,0.0;
6215,0.0;
8619,223696.0;
4604,134217.6;
6277,0.0;
5491,0.0;
3699,0.0;
3879,0.0;
7456,0.0;
2835,0.0;
762,0.0;
2020,0.0;
3368,0.0;
2429,3087005.6;
1750,2058003.2;
2958,2102742.4;
6875,2639612.8;
6189,7024059.733333333;
1157,6845101.866666666;
1415,3221222.4;
5600,2505395.2;
7919,4026529.6;
6920,9126804.0;
2107,4518661.6;
4091,5323967.733333333;
7992,3444918.4;
5099,7874104.533333333;
1921,5368706.933333334;
668,3131744.2666666666;
3147,3400179.7333333334;
9878,6308230.4;
1136,7381973.866666666;
7335,4160747.466666667;
6227,2460656.0;
6967,4608139.733333333;
755,1.6642995466666667E7;
9682,8500453.866666667;
4932,5771360.8;
1580,6039796.0;
3065,6442448.8;
3824,5771361.066666666;
7008,1.5927169066666666E7;
1818,9887370.666666666;
1652,6039796.0;
9138,4563400.8;
1663,5234490.4;
4517,6039795.2;
5255,1.6508778133333333E7;
8793,1.1945376266666668E7;
3481,6308231.2;
3383,6710884.0;
7113,6218753.6;
4879,4563400.266666667;
5598,1.5524515733333332E7;
8610,1.2258550666666666E7;
7726,6487188.0;
1332,6710884.0;
3514,6174013.6;
3057,6174013.6;
4328,1.0737417066666666E7;
5780,9932110.133333333;
9516,6487188.0;
2555,6755623.2;
4792,6979319.2;
949,7337233.866666666;
443,2.8633114133333333E7;
6933,2.3577580533333335E7;
7171,6934580.8;
7315,7963583.2;
8238,7874104.533333333;
3948,3802833.3333333335;
8633,7605669.333333333;
1331,5995057.066666666;
3615,2863308.8;
474,8008321.6;
9144,5055532.8;
7739,4563400.533333333;
8016,7203016.0;
4010,4473922.666666667;
5955,4831834.933333334;
231,6845101.6;
8012,3981789.6;
2868,9082064.266666668;
4653,1.27954216E7;
2043,4921314.133333334;
9319,5323966.933333334;
5226,8142540.266666667;
1358,4160747.466666667;
6929,7068797.866666666;
4680,9663674.666666666;
5659,4250225.333333333;
8503,6084534.666666667;
1412,6039795.733333333;
986,5189749.066666666;
2725,3713354.1333333333;
3549,5413446.666666667;
1219,4563400.266666667;
6255,313174.4;
2706,0.0;
5990,0.0;
8349,0.0;
6301,0.0;
2719,0.0;
3034,0.0;
364,0.0;
4320,0.0;
1054,0.0;
8472,0.0;
190,0.0;
3952,0.0;
3820,0.0;
2417,0.0;
2952,0.0;
7862,0.0;
4778,0.0;
1811,0.0;
6182,0.0;
9418,0.0;
9555,0.0;
2949,0.0;
1128,0.0;
4577,0.0;
6378,0.0;
7555,0.0;
5831,0.0;
4773,0.0;
2904,0.0;
3446,0.0;
5112,0.0;
9298,0.0;
2785,0.0;
9252,0.0;
8718,0.0;
7413,0.0;
6175,178956.8;
222,0.0;
6472,0.0;
6287,313174.4;
5564,402652.8;
8783,268435.2;
8465,0.0;
728,0.0;
2042,268435.2;
9155,0.0;
9096,0.0;
4651,0.0;
7364,0.0;
82,0.0;
6061,0.0;
2212,0.0;
4060,0.0;
3540,0.0;
9290,0.0;
8655,0.0;
9205,0.0;
136,0.0;
235,0.0;
7031,0.0;
7482,0.0;
3837,0.0;
8972,0.0;
7170,0.0;
5657,0.0;
9654,0.0;
5072,0.0;
7547,0.0;
3705,0.0;
7969,0.0;
8390,0.0;
9022,0.0;
7496,0.0;
8270,0.0;
7569,0.0;
1810,178956.8;
4139,134217.6;
3285,0.0;
7314,0.0;
3508,0.0;
3890,0.0;
1678,0.0;
329,0.0;
6526,0.0;
1862,0.0;
3836,0.0;
6150,0.0;
7820,0.0;
8701,0.0;
576,134217.6;
7082,0.0;
2513,0.0;
1836,0.0;
9082,0.0;
921,0.0;
5650,0.0;
7965,0.0;
3804,0.0;
1230,0.0;
3140,0.0;
3035,0.0;
2678,0.0;
8551,0.0;
3728,0.0;
8117,0.0;
553,0.0;
119,0.0;
8775,0.0;
8302,1789568.0;
2460,6397709.6;
1418,3489657.8666666667;
5545,3802834.1333333333;
7050,4742357.333333333;
9038,1.3332293066666666E7;
218,1.77167384E7;
2729,9618935.733333332;
232,7381972.0;
5268,6934580.0;
2595,7203016.0;
4028,8276758.4;
2546,3.632826293333333E7;
1505,2.11616608E7;
919,4160747.7333333334;
6724,492131.2;
3935,0.0;
2737,0.0;
5745,0.0;
7424,0.0;
5186,0.0;
7969,0.0;
7141,0.0;
6378,536870.4;
9974,1744828.8;
6700,178956.8;
6108,0.0;
5142,0.0;
5278,0.0;
3554,0.0;
3426,0.0;
9725,0.0;
3310,0.0;
5312,0.0;
1520,0.0;
2823,0.0;
5896,0.0;
6822,0.0;
4751,0.0;
4269,0.0;
6570,0.0;
3558,0.0;
4922,0.0;
8383,0.0;
6583,0.0;
8979,0.0;
1716,0.0;
585,0.0;
8459,0.0;
4244,0.0;
2292,0.0;
3298,0.0;
4804,0.0;
6329,0.0;
330,0.0;
2976,0.0;
639,0.0;
8144,0.0;
2447,0.0;
5884,0.0;
4705,178956.8;
871,1029001.6;
9074,89478.4;
189,0.0;
8895,581609.6;
4390,1789568.0;
7674,1118480.0;
5829,0.0;
5262,0.0;
6418,0.0;
8449,0.0;
1702,0.0;
6898,0.0;
4783,0.0;
6613,0.0;
1734,0.0;
2372,134217.6;
111,0.0;
691,0.0;
7588,0.0;
3406,0.0;
8120,0.0;
3359,0.0;
5928,178956.8;
1984,357913.6;
1728,0.0;
9862,0.0;
2465,0.0;
6201,0.0;
3196,0.0;
9210,0.0;
3304,0.0;
3805,0.0;
5662,0.0;
5001,0.0;
6535,0.0;
8599,268435.2;
1599,89478.4;
6020,0.0;
3440,0.0;
7687,0.0;
2941,0.0;
1533,0.0;
9228,0.0;
6843,0.0;
3941,0.0;
2598,0.0;
7768,0.0;
7239,268435.2;
3194,268435.2;
8645,0.0;
3455,0.0;
9205,0.0;
5644,0.0;
8090,0.0;
6034,0.0;
7744,0.0;
8930,0.0;
2793,0.0;
973,0.0;
115,0.0;
931,0.0;
8808,0.0;
8824,0.0;
7956,0.0;
7015,0.0;
75,0.0;
1877,0.0;
5139,0.0;
6142,0.0;
7428,0.0;
5398,0.0;
7838,0.0;
4737,0.0;
2631,0.0;
3724,0.0;
5123,402652.8;
6014,0.0;
6023,0.0;
8605,0.0;
6819,0.0;
332,0.0;
6786,0.0;
8296,0.0;
325,0.0;
9051,0.0;
6865,134217.6;
1122,0.0;
9631,0.0;
363,0.0;
3122,268435.2;
6510,134217.6;
7859,0.0;
629,0.0;
7441,0.0;
9788,0.0;
9315,0.0;
8828,0.0;
1180,0.0;
4486,313174.4;
8267,0.0;
4957,0.0;
8636,0.0;
7280,0.0;
9436,0.0;
5384,0.0;
3981,0.0;
6277,0.0;
9535,0.0;
9531,0.0;
7521,0.0;
2898,0.0;
111,0.0;
2563,0.0;
67,0.0;
1265,0.0;
9389,0.0;
8216,0.0;
8693,134217.6;
6706,0.0;
4895,0.0;
4380,0.0;
3253,0.0;
6747,0.0;
9171,0.0;
1586,0.0;
615,0.0;
3805,0.0;
8110,0.0;
1188,0.0;
2793,0.0;
8693,0.0;
5129,0.0;
5656,0.0;
5899,0.0;
7968,536870.4;
4676,268435.2;
8193,268435.2;
9139,0.0;
6216,0.0;
5442,0.0;
2637,0.0;
6977,0.0;
6423,0.0;
7024,0.0;
7489,0.0;
3009,0.0;
7724,0.0;
3786,0.0;
9851,0.0;
1107,134217.6;
29,0.0;
6161,0.0;
6002,0.0;
7946,0.0;
9304,0.0;
2783,0.0;
5435,0.0;
1159,0.0;
5596,0.0;
6444,0.0;
4242,134217.6;
9063,0.0;
8301,0.0;
3131,0.0;
1968,0.0;
1124,0.0;
9619,0.0;
6156,0.0;
3214,0.0;
3180,89478.4;
7646,44739.2;
6754,0.0;
1652,0.0;
7793,0.0;
5182,0.0;
8428,0.0;
9399,0.0;
8035,0.0;
8896,0.0;
4777,0.0;
9185,0.0;
2553,0.0;
6282,0.0;
9602,0.0;
180,0.0;
769,0.0;
4531,0.0;
3659,0.0;
952,0.0;
9744,0.0;
6337,0.0;
4589,0.0;
4581,0.0;
8394,0.0;
2493,0.0;
5297,0.0;
1674,0.0;
520,0.0;
137,0.0;
1296,0.0;
6731,0.0;
5410,0.0;
8483,0.0;
9422,0.0;
2140,0.0;
3661,0.0;
990,0.0;
8698,0.0;
1903,0.0;
6298,0.0;
4024,0.0;
9112,0.0;
4161,0.0;
7285,0.0;
7324,0.0;
5617,0.0;
7536,0.0;
3061,0.0;
792,0.0;
2730,0.0;
1378,268435.2;
7898,1386915.2;
5510,1565872.0;
9787,2326438.4;
4112,1029001.6;
521,0.0;
4238,0.0;
8129,0.0;
7050,0.0;
5734,0.0;
8145,0.0;
9265,0.0;
3271,0.0;
4562,0.0;
1985,0.0;
7420,0.0;
2471,0.0;
7827,0.0;
9577,0.0;
768,89478.4;
3050,447392.0;
1014,0.0;
5031,0.0;
3140,0.0;
2123,0.0;
2757,0.0;
2907,0.0;
2002,0.0;
2624,0.0;
5381,0.0;
2248,626348.8;
9134,626348.8;
4228,984262.4;
3527,671088.0;
5242,44739.2;
7551,0.0;
1436,0.0;
6096,0.0;
1202,0.0;
1974,0.0;
7806,0.0;
7501,0.0;
453,0.0;
404,0.0;
102,0.0;
6507,0.0;
786,0.0;
1230,0.0;
9886,0.0;
4860,134217.6;
1184,0.0;
3678,1252697.6;
2963,1610611.2;
3287,2729091.2;
3676,1923785.6;
9417,2236960.0;
9005,3221223.466666667;
9516,3400180.2666666666;
4392,1744828.8;
9623,1879046.4;
4676,3355440.8;
1464,1476393.6;
9137,134217.6;
4946,0.0;
3610,0.0;
8929,0.0;
7158,0.0;
5460,0.0;
5726,0.0;
8763,0.0;
9154,0.0;
3879,1386915.2;
6521,268435.2;
1778,0.0;
2028,0.0;
8149,0.0;
4235,0.0;
4461,0.0;
3426,0.0;
8831,0.0;
9062,0.0;
4919,0.0;
3652,0.0;
2623,0.0;